reaction_id	ec_number
PSII_h	1.10.3.9
PSI_h	1.97.1.12
Fd-NADPR_h	1.18.1.2
ATPase_h	7.1.2.2
RBC_h	4.1.1.39
PGAK_h	2.7.2.3
GAPDH1_h	1.2.1.13
TPI_h	5.3.1.1
FBPA_h	4.1.2.13
FBPase_h	3.1.3.11
FTK_h	2.2.1.1
SBPA_h	4.1.2.13
SBPase_h	3.1.3.37
STK_h	2.2.1.1
Ru5PE_h	5.1.3.1
R5PI_h	5.3.1.6
Ru5PK_h	2.7.1.19
PGI_h	5.3.1.9
PGM_h	5.4.2.2
AGPase_h	2.7.7.27
StS_h1	2.4.1.21
StS_h2	2.4.1.21
StS_h3	2.4.1.21
bAMY1_h	3.2.1.1 + 3.2.1.2
bAMY2_h	3.2.1.1 + 3.2.1.2
DPE11_h	2.4.1.25
DPE12_h	2.4.1.25
DPE13_h	2.4.1.25
DPE2_c	2.4.1.25
HEXK_c	2.7.1.1
StP1_h	3.2.1.1 + 2.4.1.1
StP21_c	2.4.1.1
TPI_c	5.3.1.1
FBPA_c	4.1.2.13
FBPase_c	3.1.3.11
F6PK2_c	2.7.1.105
F26BPPh_c	3.1.3.46
PGI_c	5.3.1.9
PGM_c	5.4.2.2
UGPase_c	2.7.7.9
S6PS_c	2.4.1.14
S6PPh_c	3.1.3.24
SucS_c	2.4.1.13
FrcFD_c	3.2.1.26
FrcK_c	2.7.1.4
TPS_c	2.4.1.15
TPP_c	3.1.3.12
CeS_c1	2.4.1.12
CeS_c2	2.4.1.12
CeS_c3	2.4.1.12
MalDH1_c	1.1.1.37
PEPC1_c	4.1.1.49
PEPC2_c	4.1.1.31
Enol_c	4.2.1.11
PGAM_c	5.4.2.12
PGAK_c	2.7.2.3
GAPDH2_c	1.2.1.12
GAPDH3_c	1.2.1.9
F6PK1_c	2.7.1.11
F6PK1_h	2.7.1.11
GAPDH2_h	1.2.1.12
PGAM_h	5.4.2.11
Enol_h	4.2.1.11
PyrK_c	2.7.1.40
PyrK_h	2.7.1.40
PyrDH1_m	2.2.1.6/1.2.4.1
PyrDH2_m	1.2.4.1
DHLAcT_m	2.3.1.12
DHLDH2_m	1.8.1.4
CitS_m	2.3.3.1
cACNDHA_m	4.2.1.3
cACNHA_m	4.2.1.3
iCitDHNAD_m	1.1.1.41
KGDH_m	1.2.4.2
DHLST_m	2.3.1.61
SCACoAL_m	6.2.1.5
cplx2_m	1.3.5.1
FumHA_m	4.2.1.2
MalDH1_m	1.1.1.37
cplx1_m	7.1.1.2
cplx3_m	7.1.1.8
cplx4_m	7.1.1.9
cplx5_m	7.1.2.2
RBO_h	4.1.1.39
PGP_h	3.1.3.18
GCAO_p	1.1.3.15
CAT_p	1.11.1.6
GGAT_p	2.6.1.4
GlyDH_m	1.4.4.2
AMT_m	2.1.2.10
DHLDH1_m	1.8.1.4
GlyHMT_m	2.1.2.1
SGAT_p	2.6.1.45
GCEADH_p	1.1.1.29
MalDH1_p	1.1.1.37
GCEAK_h	2.7.1.31
G6PDH_h	1.1.1.49
6PGL_h	3.1.1.31
6PGDHNAD_h	1.1.1.44
6PGDHNADP_h	1.1.1.44
TA_h	2.2.1.2
DAHPS_h	2.5.1.54
DHQS_h	4.2.3.4
DHQDH_h	4.2.1.10
SADH_h	1.1.1.25
SAK_h	2.7.1.71
EPSPS_h	2.5.1.19
CHRS_h	4.2.3.5
R5PDPK_h	2.7.6.1
PyrPiDK_h	2.7.9.1
MalDH2NADP_c	1.1.1.40
MalDH1_h	1.1.1.37
MalDH3_h	1.1.1.82
CitS_c	2.3.3.1
CitS_h	2.3.3.1
cACNDHA_c	4.2.1.3
cACNDHA_h	4.2.1.3
cACNHA_c	4.2.1.3
cACNHA_h	4.2.1.3
iCitDHNAD_c	1.1.1.41
iCitDHNADP_c	1.1.1.42
iCitDHNADP_h	1.1.1.42
iCitDHNADP_m	1.1.1.42
MalS_c	2.3.3.9
ATPCitL_c	2.3.3.8
ACoAS_h	6.2.1.1
ACoAC_h	6.4.1.2
ACPM_h	2.3.1.39
PPiase_h	3.6.1.1
PPIase_c	3.6.1.1
PPIF6PK_c	2.7.1.90
ForDH_h	1.17.1.9
ForTHFL_h	6.3.4.3
DHFR_c	1.5.1.3
TRXR_c	1.8.1.9
ADNK_c	2.7.1.20
ADNN_c	3.2.2.7
ADPRPPT_c	2.4.2.7
RibK_h	2.7.1.15
NO3R1_c	1.7.1.1
NO3R2_c	1.7.1.3
NO2R_h	1.7.7.1
ATPSL_h	2.7.7.4
APSR_h	1.8.4.9
GSSGR_h	1.8.1.7
SO3R_h	1.8.7.1
HCO3DHA_c	4.2.1.1
HCO3DHA_h	4.2.1.1
AlaTA_h	2.6.1.2
AlaTA_m	2.6.1.2
AlaTA_p	2.6.1.2
AGluK	2.7.2.8
AGluPR_h	1.2.1.38
AOrnTA_h	2.6.1.11
AOrnAGluAcT_h	2.3.1.35
CBPS_h	6.3.5.5
OrnCMT_h	2.1.3.3
ArgSCAS_h	6.3.4.5
ArgSCAL_h	4.3.2.1
FumHA_c	4.2.1.2
AsnS_c	6.3.5.4
AspAT_c	2.6.1.1
AspAT_h	2.6.1.1
AspAT_m	2.6.1.1
AspAT_p	2.6.1.1
Asnase_c	3.5.1.1
SerAcT_c	2.3.1.30
SerAcT_h	2.3.1.30
SerAcT_m	2.3.1.30
CysS_c	2.5.1.47
CysS_h	2.5.1.47
CysS_m	2.5.1.47
GluDH3NADP_c	1.4.1.4
Glnase_c	3.5.1.2
GluSNAD_h	1.4.1.14
GluSFd_h	1.4.7.1
GluDH1NAD_m	1.4.1.3
GluDH1NADP_m	1.4.1.3
GluDH2NAD_m	1.4.1.2
GluDC_c	4.1.1.15
GABATA1_m	2.6.1.19
GABATA2_m	2.6.1.19
SCASeADH_m	1.2.1.24
GlnS_c	6.3.1.2
GlnS_h	6.3.1.2
GlnS_m	6.3.1.2
ThrA_c	4.1.2.5
ACDOxRed_c	1.2.1.3
GCAO_h	1.1.3.15
CAT_h	1.11.1.6
SGAT_h	2.6.1.45
GCEADH_h	1.1.1.29
GGAT_h	2.6.1.4
ATPPRT_h	2.4.2.17
PrATPDP_h	3.6.1.31
PrAMPCy_h	3.5.4.19
PAICARPI_h	5.3.1.16
IGPS_h	2.4.2.-/4.1.3.-
IGPDA_h	4.2.1.19
HisolPTA_h	2.6.1.9
HisolPP_h	3.1.3.15
HisolPDH_h	1.1.1.23
HisalPDH_h	1.1.1.23
ThrDA_h	4.3.1.19
ALS1_h	2.2.1.6/1.2.4.1
ALS2_h	2.2.1.6
DHADA1_h	4.2.1.9
BAATA1_h	2.6.1.42
ALS3_h	2.2.1.6
DHADA2_h	4.2.1.9
2IPMS_h	2.3.3.13
3IPMDA1_h	4.2.1.33
3IPMDA2_h	4.2.1.33
3IPMDH_h	1.1.1.85
IPODC_h	--
BAATA2_h	2.6.1.42
AspK_h	2.7.2.4
Asp-SeADH_h	1.2.1.11
DHDS_h	4.3.3.7
DHDRNAD_h	1.17.1.8
DHDRNADP_h	1.17.1.8
DAPAT_h	2.6.1.83
DAPE_h	5.1.1.7
DAPDC_h	4.1.1.20
HSerDHNADP_h	1.1.1.3
HSerDHNAD_h	1.1.1.3
HSerK_h	2.7.1.39
CTHS_h	2.5.1.48
CTHL_h	4.4.1.13
5M-THFOR_c	1.5.1.20
MetS_c	2.1.1.14
GlyHMT_c	2.1.2.1
HCysMT_c	2.1.1.10
Cysase_c	3.13.2.1
CHRM_c	5.4.99.5
GPAT_h	2.6.1.79
AGNDA_h	4.2.1.91
Arginase_m	3.5.3.1
Urease_m	3.5.1.5
OrnAT_m	2.6.1.13
GluK_c	2.7.2.11
GluK_h	2.7.2.11
GluK_m	2.7.2.11
GluSeADH_c	1.2.1.41
GluSeADH_h	1.2.1.41
GluSeADH_m	1.2.1.41
GluSeADA_c	--
GluSeADA_h	--
GluSeADA_m	--
P5CRNAD_c	1.5.1.2
ProDHNAD_m	1.5.5.2
ProDHNADP_m	1.5.5.2
P5CDHNAD_h	1.2.1.88
P5CDHNAD_m	1.2.1.88
P5CDHNADP_m	1.2.1.88
PGADH_h	1.1.1.95
PSerAT_h	2.6.1.52
PSerP_h	3.1.3.3
SerRM_c	4.3.1.18
ThrS_h	4.2.3.1
ANTS_h	4.1.3.27
ANTPRT_h	2.4.2.18
PRANTI_h	5.3.1.24
IndGPS_h	4.1.1.48
IndGPL_h	4.1.2.8
TrpS_h	4.2.1.20/4.2.1.222
AGNDH_h	1.3.1.78
BAATA3_h	2.6.1.42
ATase_h	2.4.2.14
PRAGlyL_h	6.3.4.13
GARFT_h	2.1.2.2
FGAMS_h	6.3.5.3
FGAMCL_h	6.3.3.1
AIRC_h	4.1.1.21
SAICARS_h	6.3.2.6
DCAMPL1_h	4.3.2.2
AICARFT_h	2.1.2.3
IMPCH_h	3.5.4.10
AMPDA_c	3.5.4.6
IMPDH_c	1.1.1.205
GMPS_c	6.3.5.2
DCAMPS_h	6.3.4.4
DCAMPL2_h	4.3.2.2
AspCT_h	2.1.3.2
DHOase_h	3.5.2.3
DHODH_m	1.3.5.2
OROPRT_c	2.4.2.10
OMPDC_c	4.1.1.23
CTPS_c	6.3.4.2
AMPK_c	2.7.4.3
AMPK_h	2.7.4.3
GMPK_c	2.7.4.8
NMPK_c	2.7.4.14
CTPP_c	3.6.1.15
ADPR_c	1.17.4.1
CDPR_c	1.17.4.1
GDPR_c	1.17.4.1
UDPR_c	1.17.4.1
dUTPP_c	3.6.1.23
dTMPS_c	2.1.1.45
dTMPK_c	2.7.4.9
GDPK_c	2.7.4.6
GDPK_h	2.7.4.6
UDPK_c	2.7.4.6
dADPK_c	2.7.4.6
dCDPK_c	2.7.4.6
dGDPK_c	2.7.4.6
dTDPK_c	2.7.4.6
dUDPK_c	2.7.4.6
Tr_SO4	--
Tr_NO2	--
Tr_NTT	--
Tr_AAC	--
Tr_BT11	--
Tr_BT12	--
Tr_BT13	--
Tr_NDT1	--
Tr_NDT2	--
Tr_TPT1	--
Tr_TPT2	--
Tr_TPT3	--
Tr_PPT	--
Tr_GCA1	--
Tr_GCEA1	--
Tr_GPT1	--
Tr_pGlc	--
Tr_Mex1	--
Tr_PLT5	--
Tr_DIC1	--
Tr_DIC2	--
Tr_DIT1	--
Tr_DIT2	--
Tr_DTC1A	--
Tr_DTC1B	--
Tr_DTC1C	--
Tr_DTC2A	--
Tr_DTC2B	--
Tr_DTC2C	--
Tr_DTC3A	--
Tr_DTC3B	--
Tr_DTC3C	--
Tr_DTC4A	--
Tr_DTC4B	--
Tr_DTC4C	--
Tr_SFC	--
Tr_BAT11	--
Tr_BAT12	--
Tr_BAT13	--
Tr_BAT14	--
Tr_BAT15	--
Tr_BAC1	--
Tr_BAC2	--
Tr_ProU	--
Tr_ProA	--
Tr_P5C1	--
Tr_P5C2	--
Tr_PRPP	--
Tr_Fum	--
Tr_HCys	--
Tr_ORO	--
Tr_DHO1	--
Tr_DHO2	--
Tr_GlySer	--
Tr_O2h	--
Tr_O2m	--
Tr_O2p	--
Tr_CO2h	--
Tr_CO2m	--
Tr_H2Oh	--
Tr_H2Om	--
Tr_H2Op	--
Tr_Hp	--
Tr_NH41	--
Tr_NH42	--
Tr_H2S1	--
Tr_H2S2	--
Tr_AC1	--
Tr_AC2	--
Tr_Pyr1	--
Tr_Pyr2	--
Tr_Pyr3	--
Tr_GCA2	--
Tr_GCEA2	--
Tr_Mal	--
Tr_OAA	--
Tr_KG	--
Tr_Ala1	--
Tr_Arg1	--
Tr_Asn1	--
Tr_Asp	--
Tr_Cys	--
Tr_Glu1	--
Tr_Gln	--
Tr_Gly	--
Tr_His1	--
Tr_Ile1	--
Tr_Leu1	--
Tr_Lys1	--
Tr_Met1	--
Tr_Phe1	--
Tr_Pro1	--
Tr_Ser1	--
Tr_Thr1	--
Tr_Trp1	--
Tr_Tyr1	--
Tr_Val1	--
Tr_Ala2	--
Tr_Arg2	--
Tr_Asn2	--
Tr_Asn3	--
Tr_Glu2	--
Tr_His2	--
Tr_His3	--
Tr_Ile2	--
Tr_Ile3	--
Tr_Leu2	--
Tr_Leu3	--
Tr_Lys2	--
Tr_Met2	--
Tr_Met3	--
Tr_Phe2	--
Tr_Phe3	--
Tr_Pro2	--
Tr_Ser2	--
Tr_Ser3	--
Tr_Thr2	--
Tr_Thr3	--
Tr_Trp2	--
Tr_Trp3	--
Tr_Tyr2	--
Tr_Tyr3	--
Tr_Val2	--
Tr_Val3	--
Im_hnu	--
Im_CO2	--
Im_H2O	--
Im_Pi	--
Im_NO3	--
Im_NH4	--
Im_SO4	--
Im_H2S	--
Ex_O2	--
Ex_Ala_c	--
Ex_Ala_h	--
Ex_Ala_m	--
Ex_Ala_p	--
Ex_Arg_c	--
Ex_Arg_h	--
Ex_Arg_m	--
Ex_Arg_p	--
Ex_Asn_c	--
Ex_Asn_h	--
Ex_Asn_m	--
Ex_Asn_p	--
Ex_Asp_c	--
Ex_Asp_h	--
Ex_Asp_m	--
Ex_Asp_p	--
Ex_Cys_c	--
Ex_Cys_h	--
Ex_Cys_m	--
Ex_Cys_p	--
Ex_Gln_c	--
Ex_Gln_h	--
Ex_Gln_m	--
Ex_Gln_p	--
Ex_Glu_c	--
Ex_Glu_h	--
Ex_Glu_m	--
Ex_Glu_p	--
Ex_Gly_c	--
Ex_Gly_h	--
Ex_Gly_m	--
Ex_Gly_p	--
Ex_His_c	--
Ex_His_h	--
Ex_His_m	--
Ex_His_p	--
Ex_Ile_c	--
Ex_Ile_h	--
Ex_Ile_m	--
Ex_Ile_p	--
Ex_Leu_c	--
Ex_Leu_h	--
Ex_Leu_m	--
Ex_Leu_p	--
Ex_Lys_c	--
Ex_Lys_h	--
Ex_Lys_m	--
Ex_Lys_p	--
Ex_Met_c	--
Ex_Met_h	--
Ex_Met_m	--
Ex_Met_p	--
Ex_Phe_c	--
Ex_Phe_h	--
Ex_Phe_m	--
Ex_Phe_p	--
Ex_Pro_c	--
Ex_Pro_h	--
Ex_Pro_m	--
Ex_Pro_p	--
Ex_Ser_c	--
Ex_Ser_h	--
Ex_Ser_m	--
Ex_Ser_p	--
Ex_Thr_c	--
Ex_Thr_h	--
Ex_Thr_m	--
Ex_Thr_p	--
Ex_Trp_c	--
Ex_Trp_h	--
Ex_Trp_m	--
Ex_Trp_p	--
Ex_Tyr_c	--
Ex_Tyr_h	--
Ex_Tyr_m	--
Ex_Tyr_p	--
Ex_Val_c	--
Ex_Val_h	--
Ex_Val_m	--
Ex_Val_p	--
Ex_starch	--
Ex_Glc	--
Ex_Frc	--
Ex_Suc	--
Ex_cellulose	--
Ex_Mas	--
Ex_MACP	--
Ex_Tre	--
NGAM_c	--
NGAM_h	--
NGAM_m	--
Bio_AA	--
Bio_CLim	--
Bio_NLim	--
Bio_opt	--
Tr_HPR1	
GCEADH_c	1.1.1.29
MalDH2_m	1.1.1.37
MalDH4_h	1.1.1.40
NDC1_1_h	1.6.5.9
NDC1_2_h	1.6.5.9
NDH1_h	7.1.1.10
NDH2_h	7.1.1.10
Cytb6f1_h	7.1.1.6
Cytb6f2_h	7.1.1.6
AOX1A_m	1.10.3.11
AOX4_h	1.10.3.11
Tr_Asp_OAA_h	
Tr_DIT1_OAA_h	
Tr_H_Na_h	
Tr_Pi_h	
Tr_Pyr_H_h	
Tr_Pyr_Mal_h	
Tr_Pyr_Na_h	
Tr_THF_h		
Tr_Asp_Glu_m	
Tr_Asp_m	
Tr_Cit_iCit_m	
Tr_DIC4_m	
Tr_KG_Mal_m	
Tr_PIC_m	
Tr_DTC5_m	
Tr_UCP_m	
Tr_PXN3_p	
Tr_SCA_p	
Tr_iCit_p	
Si_H_c	
Si_H_h	
Si_H_m	
Si_H_p	
AspAT2_c	2.6.1.1
AspAT2_h	2.6.1.1
AspAT2_m	2.6.1.1
AspAT2_p	2.6.1.1
CHRM_h	5.4.99.5
KARI12_h	1.1.1.86
KARI34_h	1.1.1.86
MetAdT_c	2.5.1.6
NDA2_1_m	1.6.5.9
NDA2_2_m	1.6.5.9
PGR5PGRL11_h	
PGR5PGRL12_h	
iCitL_p	4.1.3.1
