model_id	seed_id
hnu[h]	cpd30510
PQ[h]	cpd30517
H2O[h]	cpd00001
H[h]	cpd00067
PQH2[h]	cpd30519
O2[h]	cpd00007
H[l]	cpd00067
PCox[h]	cpd27746
PCrd[h]	cpd12239
Fdox[h]	cpd11621
Fdrd[h]	cpd28082
NADP[h]	cpd00006
NADPH[h]	cpd00005
ADP[h]	cpd00008
Pi[h]	cpd00009
ATP[h]	cpd00002
RuBP[h]	cpd00871
CO2[h]	cpd00011
PGA[h]	cpd00169
DPGA[h]	cpd00203
GAP[h]	cpd00102
DHAP[h]	cpd00095
FBP[h]	cpd00290
F6P[h]	cpd36209
E4P[h]	cpd00236
X5P[h]	cpd00198
SBP[h]	cpd00349
S7P[h]	cpd00238
R5P[h]	cpd00101
Ru5P[h]	cpd00171
G6P[h]	cpd02081
G1P[h]	cpd00501
ADPG[h]	cpd00387
PPi[h]	cpd00012
starch1[h]	cpd11657
starch2[h]	cpd11657
starch3[h]	cpd11657
starch5[h]	cpd11657
Mas[h]	cpd00179
Glc[h]	cpd00027
starch1[c]	cpd11657
Mas[c]	cpd00179
starch2[c]	cpd11657
Glc[c]	cpd00027
ATP[c]	cpd00002
G6P[c]	cpd02081
ADP[c]	cpd00008
H[c]	cpd00067
Pi[c]	cpd00009
G1P[c]	cpd00501
GAP[c]	cpd00102
DHAP[c]	cpd00095
FBP[c]	cpd00290
H2O[c]	cpd00001
F6P[c]	cpd36209
F26BP[c]	cpd00503
UTP[c]	cpd00062
UDPG[c]	cpd00026
PPi[c]	cpd00012
S6P[c]	cpd19187
UDP[c]	cpd00014
Suc[c]	cpd00076
Frc[c]	cpd36464
T6P[c]	cpd00523
Tre[c]	cpd00794
cellulose1[c]	cpd11746
cellulose2[c]	cpd11746
cellulose3[c]	cpd11746
Mal[c]	cpd00130
NAD[c]	cpd00003
OAA[c]	cpd00032
NADH[c]	cpd00004
PEP[c]	cpd00061
CO2[c]	cpd00011
HCO3[c]	cpd00242
2PGA[c]	cpd00482
PGA[c]	cpd00169
DPGA[c]	cpd00203
NADP[c]	cpd00006
NADPH[c]	cpd00005
NAD[h]	cpd00003
NADH[h]	cpd00004
2PGA[h]	cpd00482
PEP[h]	cpd00061
Pyr[c]	cpd00020
Pyr[h]	cpd00020
Pyr[m]	cpd00020
ThPP[m]	cpd00056
H[m]	cpd00067
H-Eth-ThPP[m]	cpd03049
CO2[m]	cpd00011
LPA[m]	cpd00213
A-DHL[m]	cpd00836
CoA[m]	cpd00010
A-CoA[m]	cpd00022
DHL[m]	cpd00449
NAD[m]	cpd00003
NADH[m]	cpd00004
OAA[m]	cpd00032
H2O[m]	cpd00001
Cit[m]	cpd00137
cACN[m]	cpd00331
iCit[m]	cpd00260
KG[m]	cpd00024
S-DHL[m]	cpd00860
S-CoA[m]	cpd00078
ADP[m]	cpd00008
Pi[m]	cpd00009
SCA[m]	cpd00036
ATP[m]	cpd00002
Q[m]	cpd08232
Fum[m]	cpd00106
QH2[m]	cpd25914
Mal[m]	cpd00130
H[i]	cpd00067
Cytcox[m]	cpd27754
Cytcrd[m]	cpd28079
O2[m]	cpd00007
PGCA[h]	cpd00727
GCA[h]	cpd00139
GCA[p]	cpd00139
O2[p]	cpd00007
GLX[p]	cpd00040
H2O2[p]	cpd00025
H2O[p]	cpd00001
Glu[p]	cpd00023
Gly[p]	cpd00033
KG[p]	cpd00024
Gly[m]	cpd00033
LPL[m]	cpd12005
amDHP[m]	cpd11830
THF[m]	cpd00087
DHP[m]	cpd12225
M-THF[m]	cpd00125
NH4[m]	cpd00013
Ser[m]	cpd00054
Ser[p]	cpd00054
HPR[p]	cpd00145
NADH[p]	cpd00004
H[p]	cpd00067
GCEA[p]	cpd00223
NAD[p]	cpd00003
Mal[p]	cpd00130
OAA[p]	cpd00032
GCEA[h]	cpd00223
GLP[h]	cpd00911
6PG[h]	cpd00284
DAHP[h]	cpd02857
DHQ[h]	cpd00699
DHS[h]	cpd01716
SA[h]	cpd00383
S3P[h]	cpd02030
EPSP[h]	cpd00932
CHR[h]	cpd00216
PRPP[h]	cpd00103
AMP[h]	cpd00018
Mal[h]	cpd00130
OAA[h]	cpd00032
NADPH[m]	cpd00005
NADP[m]	cpd00006
A-CoA[c]	cpd00022
Cit[c]	cpd00137
CoA[c]	cpd00010
A-CoA[h]	cpd00022
Cit[h]	cpd00137
CoA[h]	cpd00010
cACN[c]	cpd00331
cACN[h]	cpd00331
iCit[c]	cpd00260
iCit[h]	cpd00260
KG[c]	cpd00024
KG[h]	cpd00024
GLX[c]	cpd00040
SCA[c]	cpd00036
AC[h]	cpd00029
HCO3[h]	cpd00242
M-CoA[h]	cpd00070
ACP[h]	cpd11493
M-ACP[h]	cpd11492
For[h]	cpd00047
THF[h]	cpd00087
F-THF[h]	cpd00201
DHF[c]	cpd00330
THF[c]	cpd00087
TRXox[c]	cpd27735
TRXrd[c]	cpd28060
ADN[c]	cpd00182
AMP[c]	cpd00018
Rib[c]	cpd00105
AD[c]	cpd00128
PRPP[c]	cpd00103
Rib[h]	cpd00105
NO3[c]	cpd00209
NO2[c]	cpd00075
NO2[h]	cpd00075
NH4[h]	cpd00013
SO4[h]	cpd00048
APS[h]	cpd00193
GSH[h]	cpd00042
SO3[h]	cpd00081
GSSG[h]	cpd00111
H2S[h]	cpd00239
Glu[h]	cpd00023
Ala[h]	cpd00035
Glu[m]	cpd00023
Ala[m]	cpd00035
Pyr[p]	cpd00020
Ala[p]	cpd00035
A-Glu[h]	cpd00477
A-GluP[h]	cpd02552
A-Glu-SeA[h]	cpd00918
A-Orn[h]	cpd00342
Orn[h]	cpd00064
Gln[h]	cpd00053
CBP[h]	cpd00146
CTL[h]	cpd00274
Asp[h]	cpd00041
Arg-SCA[h]	cpd02152
Arg[h]	cpd00051
Fum[h]	cpd00106
Fum[c]	cpd00106
Gln[c]	cpd00053
Asp[c]	cpd00041
Glu[c]	cpd00023
Asn[c]	cpd00132
Asp[m]	cpd00041
Asp[p]	cpd00041
NH4[c]	cpd00013
Ser[c]	cpd00054
A-Ser[c]	cpd00722
Ser[h]	cpd00054
A-Ser[h]	cpd00722
A-Ser[m]	cpd00722
H2S[c]	cpd00239
Cys[c]	cpd00084
AC[c]	cpd00029
Cys[h]	cpd00084
H2S[m]	cpd00239
Cys[m]	cpd00084
AC[m]	cpd00029
GABA[c]	cpd00281
GABA[m]	cpd00281
SCA-SeA[m]	cpd00199
Gln[m]	cpd00053
Thr[c]	cpd00161
ACD[c]	cpd00071
Gly[c]	cpd00033
GLX[h]	cpd00040
H2O2[h]	cpd00025
Gly[h]	cpd00033
HPR[h]	cpd00145
PR-ATP[h]	cpd01775
PR-AMP[h]	cpd01777
P-AICAR-P[h]	cpd02979
Pu-AICAR-P[h]	cpd02991
EIGP[h]	cpd02843
AICAR[h]	cpd02851
IA-P[h]	cpd00930
Hisol-P[h]	cpd00807
Hisol[h]	cpd00641
Hisal[h]	cpd01324
His[h]	cpd00119
Thr[h]	cpd00161
OB[h]	cpd00094
ThPP[h]	cpd00056
H-Eth-ThPP[h]	cpd03049
AHB[h]	cpd00498
DHMP[h]	cpd19046
MOP[h]	cpd19026
Ile[h]	cpd00322
AL[h]	cpd00668
DHMB[h]	cpd19030
MOB[h]	cpd00123
2IPM[h]	cpd01646
IPM[h]	cpd01710
3IPM[h]	cpd02693
IPO[h]	cpd02605
4MOP[h]	cpd00200
Leu[h]	cpd00107
AspP[h]	cpd01977
Asp-SeA[h]	cpd00346
DHD[h]	cpd02120
THD[h]	cpd02465
DAP[h]	cpd00504
mDAP[h]	cpd00516
Lys[h]	cpd00039
H-Ser[h]	cpd00227
PH-Ser[h]	cpd00809
CTH[h]	cpd00424
H-Cys[h]	cpd00135
M-THF[c]	cpd00125
5M-THF[c]	cpd00345
H-Cys[c]	cpd00135
Met[c]	cpd00060
aMet[c]	cpd00017
aH-Cys[c]	cpd00019
PRE[h]	cpd00219
AGN[h]	cpd00616
Phe[h]	cpd00066
Arg[m]	cpd00051
Orn[m]	cpd00064
urea[m]	cpd00073
Glu-SeA[m]	cpd00858
GluP[c]	cpd02097
GluP[h]	cpd02097
GluP[m]	cpd02097
Glu-SeA[c]	cpd00858
Glu-SeA[h]	cpd00858
P5C[c]	cpd02431
P5C[h]	cpd02431
P5C[m]	cpd02431
Pro[c]	cpd00129
Pro[m]	cpd00129
P-HPR[h]	cpd02069
PSer[h]	cpd00738
ANT[h]	cpd00093
PR-ANT[h]	cpd02642
CPD-Ru5P[h]	cpd00956
Ind-GP[h]	cpd02210
Ind[h]	cpd00359
Trp[h]	cpd00065
Tyr[h]	cpd00069
Val[h]	cpd00156
PRA[h]	cpd01982
GAR[h]	cpd02394
FGAR[h]	cpd02678
FGAM[h]	cpd02826
AIR[h]	cpd02140
CAIR[h]	cpd02893
SAICAR[h]	cpd02921
FAICAR[h]	cpd02884
IMP[h]	cpd00114
IMP[c]	cpd00114
XMP[c]	cpd00497
GMP[c]	cpd00126
GTP[h]	cpd00038
DC-AMP[h]	cpd02375
GDP[h]	cpd00031
CB-Asp[h]	cpd00343
DHO[h]	cpd00282
DHO[m]	cpd00282
ORO[m]	cpd00247
ORO[c]	cpd00247
OMP[c]	cpd00810
UMP[c]	cpd00091
CTP[c]	cpd00052
GDP[c]	cpd00031
CDP[c]	cpd00096
dADP[c]	cpd00177
dCDP[c]	cpd00533
dGDP[c]	cpd00295
dUDP[c]	cpd00978
dUTP[c]	cpd00358
dUMP[c]	cpd00299
dTMP[c]	cpd00298
dTDP[c]	cpd00297
GTP[c]	cpd00038
dATP[c]	cpd00115
dCTP[c]	cpd00356
dGTP[c]	cpd00241
dTTP[c]	cpd00357
SO4[c]	cpd00048
GCA[c]	cpd00139
GCEA[c]	cpd00223
Ala[c]	cpd00035
Arg[c]	cpd00051
Lys[c]	cpd00039
Lys[m]	cpd00039
His[m]	cpd00119
His[c]	cpd00119
DHO[c]	cpd00282
O2[c]	cpd00007
Arg[p]	cpd00051
Asn[p]	cpd00132
Cys[p]	cpd00084
Gln[p]	cpd00053
His[p]	cpd00119
Ile[c]	cpd00322
Ile[p]	cpd00322
Leu[c]	cpd00107
Leu[p]	cpd00107
Lys[p]	cpd00039
Met[p]	cpd00060
Phe[c]	cpd00066
Phe[p]	cpd00066
Pro[p]	cpd00129
Thr[p]	cpd00161
Trp[c]	cpd00065
Trp[p]	cpd00065
Tyr[c]	cpd00069
Tyr[p]	cpd00069
Val[c]	cpd00156
Val[p]	cpd00156
Asn[h]	cpd00132
Asn[m]	cpd00132
Ile[m]	cpd00322
Leu[m]	cpd00107
Met[h]	cpd00060
Met[m]	cpd00060
Phe[m]	cpd00066
Pro[h]	cpd00129
Thr[m]	cpd00161
Trp[m]	cpd00065
Tyr[m]	cpd00069
Val[m]	cpd00156
HPR[c]	cpd00145
NDHox[h]	
NDHrd[h]	
PQstar[h]	
Na[c]	cpd00971
Na[h]	cpd00971
SCA[p]	cpd00036
iCit[p]	cpd00260
PGR5_PGRL1ox[h]	
PGR5_PGRL1rd[h]	
