From	Entry	Reviewed	Gene Names
AT1G06680	Q42029	reviewed	PSBP1 PSBP At1g06680 F12K11.3 F4H5_18
AT1G06680	C0Z3I6	unreviewed	At1g06680
AT1G44575	Q9XF91	reviewed	PSBS NPQ4 At1g44575 T18F15.3
AT1G44575	F4IEG8	unreviewed	NPQ4 CP22 NONPHOTOCHEMICAL QUENCHING 4 PHOTOSYSTEM II SUBUNIT S PSBS PSII-S At1g44575 AT1G44575 T18F15.3 T18F15_3
AT1G67740	O49347	reviewed	PSBY At1g67740 F12A21.13
AT1G67740	Q8LAL4	unreviewed	At1g67740
AT1G79040	P27202	reviewed	PSBR ART1 At1g79040 YUP8H12R.34 YUP8H12R_29
AT1G79040	A0A178WGH2	unreviewed	At1g79040 AXX17_At1g73790
AT1G79040	A0A178WGP6	unreviewed	At1g79040 AXX17_At1g73790
AT2G06520	C0Z330	unreviewed	At2g06520
AT2G06520	Q9SKI3	unreviewed	PSBX photosystem II subunit X PSII-X At2g06520 At2g06520/T12H3.7 AT2G06520 T12H3.7 T12H3_7
AT2G30570	Q39194	reviewed	PSBW At2g30570 T6B20.8
AT2G30570	Q944K9	unreviewed	At2g30570
AT3G21055	Q39195	reviewed	PSBT At3g21055 MSA6.9
AT3G21055	A0A1I9LS90	unreviewed	PSBTN photosystem II subunit T PSII-T At3g21055 AT3G21055
AT3G50820	Q9S841	reviewed	PSBO2 At3g50820 F18B3.100
AT4G05180	Q41932	reviewed	PSBQ2 PSBQB At4g05180 C17L7.100
AT4G21280	Q9XFT3	reviewed	PSBQ1 PSBQ PSBQA At4g21280 F7J7.220 T6K22.20
AT4G21280	A0A178UY46	unreviewed	At4g21280 AXX17_At4g24640 C24_LOCUS18733
AT5G66570	P23321	reviewed	PSBO1 OEC33 PSBO At5g66570 K1F13.25
ATCG00020	P83755	reviewed	psbA AtCg00020
ATCG00070	P56782	reviewed	psbK AtCg00070
ATCG00080	P62100	reviewed	psbI AtCg00080
ATCG00220	P62109	reviewed	psbM AtCg00220
ATCG00270	P56761	reviewed	psbD AtCg00270
ATCG00280	P56778	reviewed	psbC CP43 AtCg00280
ATCG00300	P56790	reviewed	psbZ ycf9 AtCg00300
ATCG00550	P56781	reviewed	psbJ AtCg00550
ATCG00560	P60129	reviewed	psbL AtCg00560
ATCG00570	P62095	reviewed	psbF AtCg00570
ATCG00580	P56779	reviewed	psbE AtCg00580
ATCG00580	A0A1B1W4W2	unreviewed	psbE Atcg00580
ATCG00680	P56777	reviewed	psbB AtCg00680
ATCG00690	P61839	reviewed	psbT ycf8 AtCg00690
ATCG00700	P62113	reviewed	psbN AtCg00700
ATCG00710	P56780	reviewed	psbH AtCg00710
AT2G26500	A8MQ99	unreviewed	At2g26500 AT2G26500 T9J22.17 T9J22_17
AT2G26500	O48717	unreviewed	At2g26500 AT2G26500 T9J22.17 T9J22_17
AT2G26500	Q9SZY6	unreviewed	petM At2g26500
AT4G03280	Q9ZR03	reviewed	petC PGR1 RISP At4g03280 F4C21.21
ATCG00210	P61039	reviewed	petN ycf6 AtCg00210
ATCG00540	P56771	reviewed	petA AtCg00540
ATCG00590	P56776	reviewed	petL AtCg00590
ATCG00590	A0A1B1W4V9	unreviewed	petL Atcg00590
ATCG00600	P56775	reviewed	petG AtCg00600
ATCG00720	P56773	reviewed	petB AtCg00720
ATCG00730	P56774	reviewed	petD AtCg00730
AT1G03130	Q9SA56	reviewed	PSAD2 At1g03130 F10O3_4
AT1G08380	Q949Q5	reviewed	PSAO At1g08380 T27G7
AT1G30380	Q9SUI5	reviewed	PSAK At1g30380 T4K22.2
AT1G30380	C0Z280	unreviewed	At1g30380
AT1G31330	Q9SHE8	reviewed	PSAF At1g31330 T19E23.12
AT1G52230	Q9SUI6	reviewed	PSAH2 At1g52230 F9I5.11
AT1G55670	Q9S7N7	reviewed	PSAG At1g55670 F20N2.21 F20N2.33 F20N2_3
AT2G20260	Q9S714	reviewed	PSAE2 At2g20260 F11A3.19
AT2G20260	Q8LC58	unreviewed	At2g20260
AT2G46820	Q8LCA1	reviewed	CURT1B PSAP PSI-P TMP14 At2g46820 F19D11.10
AT3G16140	Q9SUI7	reviewed	PSAH1 At3g16140 MSL1.18
AT4G02770	Q9S7H1	reviewed	psaD1 At4g02770 T5J8.7
AT4G12800	Q9SUI4	reviewed	PSAL At4g12800 T20K18.150
AT4G12800	A0A178V7V9	unreviewed	At4g12800 AXX17_At4g14440 AT9943_LOCUS15414
AT4G12800	A0A1P8B6D0	unreviewed	PSAL photosystem I subunit l PSI-L At4g12800 AT4G12800 T20K18.150 T20K18_150
AT4G28750	Q9S831	reviewed	PSAE1 At4g28750 F16A16.140
AT4G28750	Q7FY22	unreviewed	At4g28750 At4g28750/F16A16_140
AT4G28750	Q8H127	unreviewed	At4g28750
AT5G64040	P49107	reviewed	PSAN At5g64040 MHJ24.2
AT5G64040	C0Z2L7	unreviewed	At5g64040
AT5G64040	F4KC80	unreviewed	PSAN MHJ24.2 MHJ24_2 PSI-N At5g64040 AT5G64040
ATCG00340	P56767	reviewed	psaB AtCg00340
ATCG00340	A0A178W009	unreviewed	Atcg00340 AXX17_At2g27430
ATCG00350	P56766	reviewed	psaA AtCg00350
ATCG00510	P56768	reviewed	psaI AtCg00510
ATCG00630	P56769	reviewed	psaJ AtCg00630
ATCG01060	P62090	reviewed	psaC frxA AtCg01060
AT1G20020	Q8W493	reviewed	LFNR2 PETH2 At1g20020 T20H2.20
AT1G20020	C0Z2A8	unreviewed	FNR2 ATLFNR2 LEAF FNR 2 LFNR2 At1g20020 AT1G20020 T20H2.20 T20H2_20
AT5G66190	Q9FKW6	reviewed	LFNR1 PETH1 At5g66190 K2A18.27
AT5G66190	F4JZ46	unreviewed	FNR1 ATLFNR1 LEAF FNR 1 LFNR1 At5g66190 AT5G66190 K2A18.27 K2A18_27
AT1G67090	P10795	reviewed	RBCS-1A ATS1A At1g67090 F1O19.14 F5A8.1
AT1G67090	F4HRR5	unreviewed	RBCS1A At1g67090 AT1G67090 F1O19.14 F5A8.1 F5A8_1
AT5G38410	P10798	reviewed	RBCS-3B ATS3B At5g38410 MXI10.13
AT5G38410	B3H5S2	unreviewed	RBCS3B MXI10.13 MXI10_13 RBCS Rubisco small subunit 3B At5g38410 AT5G38410
AT5G38410	F4KA76	unreviewed	RBCS3B MXI10.13 MXI10_13 RBCS Rubisco small subunit 3B At5g38410 AT5G38410
AT5G38420	P10797	reviewed	RBCS-2B ATS2B At5g38420 MXI10.14
AT5G38430	P10796	reviewed	RBCS-1B ATS1B At5g38430 MXI10.15
ATCG00490	O03042	reviewed	rbcL AtCg00490
AT1G56190	P50318	reviewed	At1g56190 F14G9.19 T6H22.1
AT1G56190	F4I3L1	unreviewed	At1g56190 AT1G56190 F14G9.19 F14G9_19
AT3G12780	Q9LD57	reviewed	PGK1 At3g12780 MBK21.15
AT1G12900	Q9LPW0	reviewed	GAPA2 At1g12900 F13K23.15
AT1G12900	A0A1P8APR6	unreviewed	GAPA-2 At1g12900 AT1G12900 F13K23.15 F13K23_15
AT1G12900	F4HNZ6	unreviewed	GAPA-2 At1g12900 AT1G12900 F13K23.15 F13K23_15
AT1G42970	P25857	reviewed	GAPB At1g42970 F13A11.3
AT3G26650	P25856	reviewed	GAPA1 GAPA At3g26650 MLJ15.4 MLJ15_5
AT3G26650	Q570E5	unreviewed	At3g26650
AT2G21170	Q9SKP6	reviewed	TIM At2g21170 F26H11.7
AT2G21170	A8MRE8	unreviewed	TIM PDTPI TRIOSEPHOSPHATE ISOMERASE triosephosphate isomerase At2g21170 AT2G21170 F26H11.7 F26H11_7
AT3G55440	P48491	reviewed	CTIMC At3g55440 T22E16.100
AT2G01140	Q9ZU52	reviewed	FBA3 PDE345 At2g01140 F10A8.2
AT2G21330	Q9SJU4	reviewed	FBA1 At2g21330 F3K23.9
AT2G21330	F4IGL5	unreviewed	FBA1 AtFBA1 At2g21330 AT2G21330 F3K23.9 F3K23_9
AT2G21330	F4IGL7	unreviewed	FBA1 AtFBA1 At2g21330 AT2G21330 F3K23.9 F3K23_9
AT3G52930	Q9LF98	reviewed	FBA8 At3g52930 F8J2_100
AT4G26530	O65581	reviewed	FBA5 At4g26530 M3E9.40
AT4G38970	Q944G9	reviewed	FBA2 At4g38970 F19H22.70
AT4G38970	F4JUJ5	unreviewed	FBA2 AtFBA2 At4g38970 AT4G38970 F19H22.70 F19H22_70
AT5G03690	F4KGQ0	reviewed	FBA4 At5g03690 F17C15_110
AT5G03690	A0A1P8BBB5	unreviewed	FBA4 AtFBA4 At5g03690 AT5G03690 F17C15.110 F17C15_110
AT5G03690	A0A5S9Y1D7	unreviewed	At5g03690 AN1_LOCUS21170 C24_LOCUS21066
AT3G54050	P25851	reviewed	CFBP1 FBP HCEF1 At3g54050 F24B22.10
AT2G45290	F4IW47	reviewed	TKL-2 At2g45290 F4L23.20
AT3G60750	Q8RWV0	reviewed	TKL-1 At3g60750 T4C21_160
AT3G60750	F4JBY2	unreviewed	AtTKL1 TKL1 transketolase 1 At3g60750 AT3G60750
AT3G55800	P46283	reviewed	At3g55800 F1I16_210
AT5G61410	Q9SAU2	reviewed	RPE EMB2728 At5g61410 MFB13.19
AT3G04790	Q9S726	reviewed	RPI3 EMB3119 At3g04790 F7O18.28 T9J14.26
AT1G32060	P25697	reviewed	At1g32060 T12O21.4
AT4G24620	Q8H103	reviewed	PGI1 pgi2 pgi3 At4g24620 F22K18.180
AT1G23190	O49299	reviewed	At1g23190 F26F24.1 T26J12.5
AT1G70730	Q9SGC1	reviewed	At1g70730 F5A18.9
AT1G70730	F4I6W3	unreviewed	PGM2 phosphoglucomutase 2 At1g70730 AT1G70730 F5A18.9 F5A18_9
AT1G70730	F4I6W4	unreviewed	PGM2 phosphoglucomutase 2 At1g70730 AT1G70730 F5A18.9 F5A18_9
AT5G51820	Q9SCY0	reviewed	PGMP PGM RGV2 At5g51820 MIO24.4
AT1G05610	F4I8U2	reviewed	APS2 At1g05610 F3F20.6
AT1G05610	A0A1P8ATP5	unreviewed	APS2 ADP-GLUCOSE PYROPHOSPHORYLASE At1g05610 AT1G05610 F3F20.6 F3F20_6
AT1G27680	P55230	reviewed	APL2 At1g27680 T22C5.13
AT2G21590	Q9SIK1	reviewed	At2g21590 F2G1.14
AT4G39210	P55231	reviewed	APL3 At4g39210 T22F8.110
AT4G39210	A0A654FWW3	unreviewed	At4g39210 AN1_LOCUS20785
AT5G19220	P55229	reviewed	ADG2 APL1 At5g19220 T24G5.120
AT5G48300	P55228	reviewed	APS1 ADG1 APS At5g48300 K23F3.2
AT5G48300	Q56ZU5	unreviewed	At5g48300
AT1G11720	F4IAG2	reviewed	SS3 At1g11720 F25C20.13
AT1G11720	A0A178W4M9	unreviewed	At1g11720 AXX17_At1g12060
AT3G01180	Q9MAC8	reviewed	SS2 At3g01180 T4P13.13
AT4G18240	Q0WVX5	reviewed	SS4 At4g18240 T9A21.90
AT5G24300	Q9FNF2	reviewed	SS1 At5g24300 MOP9.12
AT1G69830	Q94A41	reviewed	AMY3 At1g69830 T17F3.14
AT2G32290	Q8L762	reviewed	BAM6 BMY5 At2g32290 T32F6.19
AT2G32290	A0A654EZK5	unreviewed	At2g32290 AN1_LOCUS9655
AT3G23920	Q9LIR6	reviewed	BAM1 BMY7 TRBAMY At3g23920 F14O13.12
AT4G00490	O65258	reviewed	BAM2 BMY9 At4g00490 F6N23.1
AT4G15210	P25853	reviewed	BAM5 BMY1 RAM1 At4g15210 dl3650c FCAALL.97
AT4G15210	A0A1P8B7H0	unreviewed	BAM5 AT-BETA-AMY ATBETA-AMY beta-amylase 5 BMY1 DL3650C RAM1 REDUCED BETA AMYLASE 1 At4g15210 AT4G15210 FCAALL.97
AT4G17090	O23553	reviewed	BAM3 BMY8 CTBMY At4g17090 dl4575c FCAALL.5
AT5G18670	Q8VYW2	reviewed	BAM9 BMY3 At5g18670 T1A4.50
AT2G40840	Q8RXD9	reviewed	DPE2 At2g40840 T20B5.4
AT5G64860	Q9LV91	reviewed	DPE1 At5g64860 MXK3.9
AT5G64860	A0A178U7Z0	unreviewed	At5g64860 AXX17_At5g64560
AT2G19860	P93834	reviewed	HXK2 At2g19860 F6F22.11
AT2G19860	A8MRW9	unreviewed	HXK2 ATHXK2 HEXOKINASE 2 hexokinase 2 At2g19860 AT2G19860 F6F22.11 F6F22_11
AT3G46970	Q9SD76	reviewed	PHS2 At3g46970 F13I12.20
AT2G36460	Q9SJQ9	reviewed	FBA6 At2g36460
AT2G36460	B3H6D7	unreviewed	FBA6 At2g36460 AT2G36460 F1O11.9 F1O11_9
AT4G26520	P22197	reviewed	FBA7 At4g26520 M3E9.50
AT4G26520	A0A178UUL1	unreviewed	At4g26520 AXX17_At4g30600
AT4G26520	A0A1P8B8Q8	unreviewed	FBA7 AtFBA7 At4g26520 AT4G26520 M3E9.50 M3E9_50
AT4G26520	A0A1P8B8S7	unreviewed	FBA7 AtFBA7 At4g26520 AT4G26520 M3E9.50 M3E9_50
AT1G43670	Q9MA79	reviewed	CYFBP FINS1 At1g43670 F2J6.2
AT1G07110	Q9MB58	reviewed	FKFBP F2KP At1g07110 F10K1.19
AT5G42740	P34795	reviewed	PGIC At5g42740 MJB21.12
AT5G42740	A0A1P8BG38	unreviewed	MJB21.12 MJB21_12 At5g42740 AT5G42740
AT3G03250	Q9M9P3	reviewed	UGP2 At3g03250 T17B22.6
AT3G03250	A0A1I9LT02	unreviewed	UGP1 AtUGP1 UDP-glucose pyrophosphorylase UGP UGPASE At3g03250 AT3G03250 T17B22.6 T17B22_6
AT3G03250	A0A1I9LT03	unreviewed	UGP1 AtUGP1 UDP-glucose pyrophosphorylase UGP UGPASE At3g03250 AT3G03250 T17B22.6 T17B22_6
AT5G17310	P57751	reviewed	UGP1 At5g17310 MKP11.16
AT5G17310	A0A1P8BC93	unreviewed	UGP2 AtUGP2 MKP11.26 MKP11_26 At5g17310 AT5G17310
AT5G17310	A0A1P8BC98	unreviewed	UGP2 AtUGP2 MKP11.26 MKP11_26 At5g17310 AT5G17310
AT5G17310	F4KGY8	unreviewed	UGP2 AtUGP2 MKP11.26 MKP11_26 At5g17310 AT5G17310
AT5G20280	Q94BT0	reviewed	SPS1 SPSA1 At5g20280 F5O24.170
AT2G35840	Q9SJ66	reviewed	SPP2 SPP1 At2g35840 F11F19.25
AT3G52340	Q93XN8	reviewed	SPP3B SPP2 At3g52340 T25B15.110
AT3G52340	A0A1I9LQG1	unreviewed	SPP2 ATSPP2 SUCROSE-PHOSPHATASE 2 At3g52340 AT3G52340
AT3G52340	A0A1I9LQG4	unreviewed	SPP2 ATSPP2 SUCROSE-PHOSPHATASE 2 At3g52340 AT3G52340
AT3G43190	Q9LXL5	reviewed	SUS4 At3g43190 F7K15_40
AT5G20830	P49040	reviewed	SUS1 At5g20830 T1M15.230
AT5G49190	Q00917	reviewed	SUS2 SSA At5g49190 K21P3.6
AT5G49190	A0A1P8BF00	unreviewed	SUS2 ATSUS2 SSA SUCROSE SYNTHASE sucrose synthase 2 At5g49190 AT5G49190 K21P3.6 K21P3_6
AT5G49190	A0A1P8BF02	unreviewed	SUS2 ATSUS2 SSA SUCROSE SYNTHASE sucrose synthase 2 At5g49190 AT5G49190 K21P3.6 K21P3_6
AT1G35580	Q9LQF2	reviewed	CINV1 INVG At1g35580 F15O4.33
AT1G35580	F4HZY9	unreviewed	CINV1 A/N-InvG alkaline/neutral invertase G cytosolic invertase 1 At1g35580 AT1G35580 F15O4.33
AT4G09510	Q67XD9	reviewed	CINV2 INVI At4g09510 T15G18.70
AT2G31390	Q9SID0	reviewed	At2g31390 T28P16.12
AT3G54090	Q9M394	reviewed	FLN1 PAP6 PFKB2 At3g54090 F24B22.50
AT3G59480	Q9M1B9	reviewed	At3g59480 T16L24.30
AT1G06410	Q9LMI0	reviewed	TPS7 TPSA At1g06410 T2D23.11
AT1G16980	Q9FZ57	reviewed	TPS2 At1g16980 F6I1.1
AT1G16980	A0A1P8AQY2	unreviewed	TPS2 ATTPS2 At1g16980 AT1G16980 F6I1.1 F6I1_1
AT1G17000	Q9SHG0	reviewed	TPS3 At1g17000 F20D23.30
AT1G60140	O80738	reviewed	TPS10 TPS3 At1g60140 T13D8.4
AT1G60140	A0A1P8AUV4	unreviewed	TPS10 ATTPS10 trehalose phosphate synthase At1g60140 AT1G60140 T13D8.4 T13D8_4
AT1G78580	Q9SYM4	reviewed	TPS1 At1g78580 T30F21.9
AT2G18700	Q9ZV48	reviewed	TPS11 TPSB At2g18700 MSF3.8
AT1G22210	F4I1A6	reviewed	TPPC At1g22210 F16L1.6
AT1G35910	Q67XC9	reviewed	TPPD At1g35910 F10O5.8
AT2G22190	Q67X99	reviewed	TPPE At2g22190 T26C19.15
AT2G22190	A0A1P8AZ24	unreviewed	TPPE At2g22190 AT2G22190 T26C19.15 T26C19_15
AT2G22190	A0A654EWJ8	unreviewed	At2g22190 AN1_LOCUS8601
AT4G12430	Q9SU39	reviewed	TPPF TPP5 At4g12430 T1P17.20
AT4G22590	Q9SUW0	reviewed	TPPG TPP6 At4g22590 F7K2.170
AT4G39770	Q8GWG2	reviewed	TPPH At4g39770 T19P19.160
AT4G39770	A0A1P8B7A9	unreviewed	TPPH At4g39770 AT4G39770 T19P19.160 T19P19_160
AT5G65140	Q5HZ05	reviewed	TPPJ At5g65140 MQN23.7
AT5G65140	A0A178UBJ1	unreviewed	TPPJ MQN23.7 MQN23_7 At5g65140 AT5G65140
AT5G65140	B3H457	unreviewed	TPPJ MQN23.7 MQN23_7 At5g65140 AT5G65140
AT2G21770	Q9SJ22	reviewed	CESA9 CESA09 At2g21770 F7D8.9
AT2G25540	Q9SKJ5	reviewed	CESA10 CESA13 At2g25540 F13B15.20
AT2G25540	A0A654EX85	unreviewed	At2g25540 AN1_LOCUS8943
AT4G18780	Q8LPK5	reviewed	CESA8 IRX1 LEW2 At4g18780 F28A21.190
AT4G32410	O48946	reviewed	CESA1 RSW1 At4g32410 F8B4.110
AT4G39350	O48947	reviewed	CESA2 ATHA At4g39350 T22F8.250
AT5G05170	Q941L0	reviewed	CESA3 ATHB CEV1 ELI1 IXR1 RSW5 At5g05170 K2A11.4
AT5G09870	Q8L778	reviewed	CESA5 At5g09870 MYH9.8
AT5G09870	G1FKV9	unreviewed	CESA5 At5g09870
AT5G17420	Q9SWW6	reviewed	CESA7 FRA5 IRX3 At5g17420 T10B6.80
AT5G44030	Q84JA6	reviewed	CESA4 IRX5 At5g44030 MRH10.14
AT5G44030	A0A1R7T3H5	unreviewed	CESA4 cellulose synthase A4 IRREGULAR XYLEM 5 IRX5 MRH10.14 MRH10_14 NWS2 At5g44030 AT5G44030
AT5G44030	A0A1R7T3H6	unreviewed	CESA4 cellulose synthase A4 IRREGULAR XYLEM 5 IRX5 MRH10.14 MRH10_14 NWS2 At5g44030 AT5G44030
AT5G64740	Q94JQ6	reviewed	CESA6 IXR2 PRC1 QUI At5g64740 MVP7.7
AT2G22780	O82399	reviewed	PMDH1 At2g22780 T30L20.4
AT5G09660	Q9ZP05	reviewed	PMDH2 At5g09660 F17I14_150 MTH16.8
AT5G09660	A0A1P8BBQ0	unreviewed	PMDH2 At5g09660 AT5G09660 F17I14.150 F17I14_150
AT5G09660	A8MRP1	unreviewed	PMDH2 At5g09660 AT5G09660 F17I14.150 F17I14_150
AT5G09660	B3H560	unreviewed	PMDH2 At5g09660 AT5G09660 F17I14.150 F17I14_150
AT5G09660	F4KDZ4	unreviewed	PMDH2 At5g09660 AT5G09660 F17I14.150 F17I14_150
AT5G43330	P57106	reviewed	MDH2 At5g43330 MWF20.2
AT5G56720	Q9FJU0	reviewed	MDH3 At5g56720 MIK19.17
AT5G56720	A0A178UAN5	unreviewed	c-NAD-MDH3 MIK19.17 MIK19_17 At5g56720 AT5G56720
AT4G37870	Q9T074	reviewed	PCK1 At4g37870 T28I19.150
AT4G37870	Q56WR5	unreviewed	At4g37870
AT5G65690	B5X574	reviewed	PCK2 At5g65690 F6H11.190
AT5G65690	A0A1P8BDT8	unreviewed	PCK2 PEPCK At5g65690 AT5G65690
AT5G65690	A0A1P8BDX2	unreviewed	PCK2 PEPCK At5g65690 AT5G65690
AT1G53310	Q9MAH0	reviewed	PPC1 p107 At1g53310 F12M16.21
AT1G68750	Q8GVE8	reviewed	PPC4 At1g68750 F14K14.14 F24J5.1
AT2G42600	Q5GM68	reviewed	PPC2 At2g42600 F14N22.13
AT3G14940	Q84VW9	reviewed	PPC3 PEPC PPC At3g14940 K15M2.8
AT2G29560	Q9ZW34	reviewed	ENO3 ENOC At2g29560 F16P2.6
AT2G36530	P25696	reviewed	ENO2 LOS2 At2g36530 F1O11.16
AT2G36530	A0A1P8B1N1	unreviewed	LOS2 cytosolic enolase ENO2 ENOC ENOLASE 2 At2g36530 AT2G36530 F1O11.16 F1O11_16
AT2G36530	Q944M3	unreviewed	At2g36530
AT1G09780	O04499	reviewed	PGM1 At1g09780 F21M12.16
AT3G08590	Q9M9K1	reviewed	PGM2 At3g08590 F17O14.6
AT3G50520	Q9SCS3	reviewed	At3g50520 T20E23.120
AT5G04120	F4KI56	reviewed	IPSP At5g04120 F21E1.40
AT1G79550	Q9SAJ4	reviewed	PGK3 At1g79550 T8K14.3
AT1G13440	Q9FX54	reviewed	GAPC2 GAPDH At1g13440 T6J4.17
AT1G13440	F4HQT1	unreviewed	GAPC2 GAPC-2 At1g13440 AT1G13440 T6J4.17 T6J4_17
AT1G13440	Q56WJ4	unreviewed	At1g13440
AT3G04120	P25858	reviewed	GAPC1 GAPC GAPDH At3g04120 T6K12.26
AT2G24270	Q1WIQ6	reviewed	ALDH11A3 GAPN At2g24270 F27D4.18
AT2G24270	A0A2H1ZE23	unreviewed	ALDH11A3 aldehyde dehydrogenase 11A3 NP-GAPDH At2g24270 AT2G24270 F27D4.18 F27D4_18
AT2G24270	F4INS6	unreviewed	ALDH11A3 aldehyde dehydrogenase 11A3 NP-GAPDH At2g24270 AT2G24270 F27D4.18 F27D4_18
AT4G26270	Q94AA4	reviewed	PFK3 At4g26270 T25K17.80
AT4G29220	Q9M0F9	reviewed	PFK1 At4g29220 F17A13.40
AT4G29220	A0A178UVZ6	unreviewed	PFK At4g29220 AXX17_At4g33560 AN1_LOCUS19711
AT4G32840	Q9M076	reviewed	PFK6 At4g32840 T16I18.50
AT4G32840	A0A178V117	unreviewed	PFK At4g32840 AXX17_At4g37650
AT5G47810	Q9FIK0	reviewed	PFK2 At5g47810 MCA23.13
AT5G56630	Q9C5J7	reviewed	PFK7 At5g56630 MIK19.8
AT2G22480	Q8VYN6	reviewed	PFK5 At2g22480 F14M13.12
AT5G61580	Q9FKG3	reviewed	PFK4 At5g61580 K11J9.3
AT1G16300	Q5E924	reviewed	GAPCP2 At1g16300 F3O9.10
AT1G16300	A0A178W311	unreviewed	At1g16300 AXX17_At1g17080
AT1G79530	Q9SAJ6	reviewed	GAPCP1 At1g79530 T8K14.5
AT1G22170	Q9LM13	reviewed	gpmA1 At1g22170 F16L1.10
AT1G78050	F4I8M8	reviewed	gpmA2 At1g78050 F28K19.30
AT1G74030	Q9C9C4	reviewed	ENO1 At1g74030 F2P9.10
AT2G36580	Q9SJQ0	unreviewed	At2g36580 AT2G36580 F1O11.21 F1O11_21
AT3G04050	Q9SQQ7	unreviewed	At3g04050 AT3G04050 T11I18.16 T11I18_16
AT3G25960	Q9LU95	unreviewed	At3g25960 AT3G25960
AT3G52990	A8MR07	unreviewed	At3g52990 AT3G52990
AT3G52990	Q94KE3	unreviewed	At3g52990 AT3G52990
AT3G52990	Q9LF93	unreviewed	F8J2_160 At3g52990
AT3G55650	Q9M057	unreviewed	F1I16_60 At3g55650 AT3G55650
AT3G55810	Q9M044	unreviewed	F1I16_220 At3g55810 AT3G55810
AT5G08570	Q9FNN1	unreviewed	MAH20.13 MAH20_13 At5g08570 AT5G08570
AT5G63680	Q9FFP6	unreviewed	MBK5.16 MBK5_16 At5g63680 AT5G63680
AT1G32440	Q93Z53	reviewed	PKP3 At1g32440 F5D14.22
AT3G22960	Q9LIK0	reviewed	PKP1 PK1 At3g22960 F5N5.15
AT5G52920	Q9FLW9	reviewed	PKP2 PKP1 At5g52920 MXC20.15
AT1G59900	P52901	reviewed	E1 ALPHA At1g59900 F23H11.21
AT1G59900	A0A1P8AQS2	unreviewed	E1 ALPHA AT-E1 ALPHA At1g59900 AT1G59900
AT5G50850	Q38799	reviewed	PDH2 MAB1 At5g50850 K16E14.1
AT1G54220	Q5M729	reviewed	At1g54220 F20D21.4
AT3G13930	Q8RWN9	reviewed	At3g13930 MDC16.5
AT3G13930	A0A178VAA8	unreviewed	At3g13930 AXX17_At3g14420
AT3G52200	Q0WQF7	reviewed	LTA3 At3g52200 F4F15.310
AT3G52200	A0A178VIR0	unreviewed	At3g52200 AXX17_At3g46630
AT3G52200	F4J5T2	unreviewed	LTA3 At3g52200 AT3G52200
AT1G48030	Q9M5K3	reviewed	LPD1 At1g48030 F21D18.28 T2J15.6
AT3G17240	Q9M5K2	reviewed	LPD2 At3g17240 MGD8.7
AT3G17240	A0A178VED5	unreviewed	At3g17240 AXX17_At3g18170 AT9943_LOCUS11287
AT2G44350	P20115	reviewed	CSY4 At2g44350 F4I1.16
AT2G44350	A0A178VUU3	unreviewed	At2g44350 AXX17_At2g41910 AN1_LOCUS10953 C24_LOCUS10791
AT3G60100	Q9M1D3	reviewed	CSY5 At3g60100 T2O9.80
AT3G60100	A0A1I9LSJ5	unreviewed	CSY5 citrate synthase 5 At3g60100 AT3G60100
AT3G60100	A0A1I9LSJ6	unreviewed	CSY5 citrate synthase 5 At3g60100 AT3G60100
AT2G05710	Q9SIB9	reviewed	ACO3 At2g05710 T3P4.5
AT4G26970	Q94A28	reviewed	ACO2 At4g26970 F10M23.310
AT4G35830	Q42560	reviewed	ACO1 ACO At4g35830 F4B14.100
AT4G35830	B3H5Y0	unreviewed	ACO1 aconitase 1 At4g35830 AT4G35830 F4B14.100 F4B14_100
AT2G17130	P93032	reviewed	IDH2 At2g17130 F6P23.14
AT2G17130	A0A178VYB0	unreviewed	At2g17130 AXX17_At2g12260 AT9943_LOCUS6925
AT3G09810	Q8LG77	reviewed	IDH6 At3g09810 F8A24.14
AT3G09810	Q9SF26	unreviewed	F11F8_40 At3g09810
AT4G35260	Q8LFC0	reviewed	IDH1 At4g35260 F23E12.180
AT4G35650	O81796	reviewed	IDH3 At4g35650 F8D20.160
AT5G03290	Q945K7	reviewed	IDH5 At5g03290 F12E4_20 MOK16.20
AT3G55410	F4IWV2	unreviewed	At3g55410 AT3G55410
AT5G65750	Q9FLH2	unreviewed	MPA24.10 MPA24_10 At5g65750 AT5G65750
AT4G26910	Q8H107	reviewed	At4g26910 F10M23.250
AT5G55070	Q9FLQ4	reviewed	At5g55070 MCO15.2
AT2G20420	O82662	reviewed	At2g20420 F11A3.3
AT5G08300	P68209	reviewed	At5g08300 F8L15_30
AT5G23250	Q8LAD2	reviewed	At5g23250 MKD15.11
AT5G23250	A0A1P8BEZ0	unreviewed	MKD15.11 MKD15_11 At5g23250 AT5G23250
AT5G23250	B3H632	unreviewed	MKD15.11 MKD15_11 At5g23250 AT5G23250
AT1G08480	Q941A6	reviewed	SDH6 At1g08480
AT1G47420	Q9SX77	reviewed	SDH5 At1g47420 F16N3.26
AT2G18450	Q9ZPX5	reviewed	SDH1-2 At2g18450 T30D6.4
AT2G46390	Q9SKE0	reviewed	SDH8 At2g46390 F11C10.8
AT2G46505	Q941A0	reviewed	SDH4 At2g46505
AT3G27380	Q8LBZ7	reviewed	SDH2-1 At3g27380 K1G2.9
AT3G27380	C0Z371	unreviewed	At3g27380
AT3G47833	Q9C5E8	reviewed	SDH7A At3g47833 T23J7.160
AT4G32210	P0DKI1	reviewed	SDH3-2 At4g32210 F10M6.150
AT5G09600	P0DKI0	reviewed	SDH3-1 At5g09600 F17I14.210 MTH16.1
AT5G09600	A8MSF5	unreviewed	SDH3-1 succinate dehydrogenase 3-1 At5g09600 AT5G09600 F17I14.210 F17I14_210
AT5G40650	Q8LB02	reviewed	SDH2-2 At5g40650 MNF13.170 MNF13.21
AT5G40650	A0A1P8BFU4	unreviewed	SDH2-2 MNF13.170 MNF13_170 succinate dehydrogenase 2-2 At5g40650 AT5G40650
AT5G62575	Q3E870	reviewed	SDH7B At5g62575
AT5G62575	A0A178UED7	unreviewed	At5g62575 AXX17_At5g62100 C24_LOCUS26388
AT5G65165	Q9FJP9	reviewed	SDH2-3 At5g65165 MQN23.10
AT5G65165	A0A1P8BF67	unreviewed	SDH2-3 succinate dehydrogenase 2-3 At5g65165 AT5G65165
AT5G66760	O82663	reviewed	SDH1-1 At5g66760 MSN2.16
AT2G47510	P93033	reviewed	FUM1 At2g47510 T30B22.19
AT5G50950	Q9FI53	reviewed	FUM2 At5g50950 K3K7.11
AT5G50950	A0A178UN34	unreviewed	At5g50950 AXX17_At5g49750
AT5G50950	A0A1P8BDR1	unreviewed	FUM2 FUMARASE 2 At5g50950 AT5G50950 K3K7.11 K3K7_11
AT5G50950	B3H477	unreviewed	FUM2 FUMARASE 2 At5g50950 AT5G50950 K3K7.11 K3K7_11
AT5G50950	B9DFR5	unreviewed	At5g50950
AT1G53240	Q9ZP06	reviewed	At1g53240 F12M16.14
AT3G15020	Q9LKA3	reviewed	At3g15020 K15M2.16
AT3G15020	A8MQK3	unreviewed	mMDH2 At3g15020 AT3G15020
AT3G47520	Q9SN86	reviewed	At3g47520 F1P2.70
AT1G16700	Q9FX83	reviewed	At1g16700 F19K19.1
AT1G79010	Q42599	reviewed	At1g79010 YUP8H12R.37 YUP8H12R_21
AT1G79010	A0A178WD68	unreviewed	At1g79010 AXX17_At1g73740 AT9943_LOCUS5880
AT4G02580	O22769	reviewed	At4g02580 T10P11.14
AT4G02580	C0Z311	unreviewed	At4g02580
AT5G08530	Q9FNN5	reviewed	At5g08530 MAH20.9
AT5G11770	Q42577	reviewed	At5g11770 T22P22_160
AT5G37510	Q9FGI6	reviewed	EMB1467 At5g37510 MPA22.5
AT5G37510	B9DFQ9	unreviewed	EMB1467 CI76 embryo defective 1467 MPA22.5 MPA22_5 At5g37510 AT5G37510
ATMG00060	P29388	reviewed	ND5 NAD5 NAD5C AtMg00060/AtMg00513/AtMg00665
ATMG00070	Q95748	reviewed	NAD9 AtMg00070
ATMG00270	P60497	reviewed	ND6 NAD6 AtMg00270
ATMG00270	G1C2Y0	unreviewed	nad6 Atmg00270
ATMG00285	O05000	reviewed	ND2 NAD2 AtMg00285/AtMg01320
ATMG00285	G1C2Q1	unreviewed	nad2 Atmg00285
ATMG00285	G1C2T2	unreviewed	nad2 Atmg00285
ATMG00285	Q0WMI0	unreviewed	Atmg00285
ATMG00285	Q6NMF6	unreviewed	Atmg00285
ATMG00510	P93306	reviewed	NAD7 AtMg00510
ATMG00510	G1C2X4	unreviewed	nad7 Atmg00510
ATMG00513	P29388	reviewed	ND5 NAD5 NAD5C AtMg00060/AtMg00513/AtMg00665
ATMG00516	P92558	reviewed	ND1 NAD1 AtMg00516/AtMg01120/AtMg01275; At2g07785; At2g07786
ATMG00516	G1C2R6	unreviewed	nad1 Atmg00516 Atmg01120 Atmg01275
ATMG00580	P93313	reviewed	ND4 NAD4 AtMg00580
ATMG00580	A0A178U5T0	unreviewed	Atmg00580 AXX17_ATUG03110
ATMG00580	A0A178U6C7	unreviewed	Atmg00580 AXX17_ATUG03120
ATMG00580	A0A178U6I9	unreviewed	Atmg00580 AXX17_ATUG03140
ATMG00580	G1C2U9	unreviewed	nad4 Atmg00580
ATMG00650	Q04614	reviewed	ND4L NAD4L AtMg00650
ATMG00650	G1C2W6	unreviewed	nad4L Atmg00650
ATMG00665	P29388	reviewed	ND5 NAD5 NAD5C AtMg00060/AtMg00513/AtMg00665
ATMG00990	P92533	reviewed	ND3 NAD3 AtMg00990
ATMG00990	G1C2Y6	unreviewed	nad3 Atmg00990
ATMG01120	P92558	reviewed	ND1 NAD1 AtMg00516/AtMg01120/AtMg01275; At2g07785; At2g07786
ATMG01120	A0A178U7D7	unreviewed	Atmg01120 AXX17_ATUG03670
ATMG01120	G1C2R6	unreviewed	nad1 Atmg00516 Atmg01120 Atmg01275
ATMG01275	P92558	reviewed	ND1 NAD1 AtMg00516/AtMg01120/AtMg01275; At2g07785; At2g07786
ATMG01275	G1C2R6	unreviewed	nad1 Atmg00516 Atmg01120 Atmg01275
ATMG01320	O05000	reviewed	ND2 NAD2 AtMg00285/AtMg01320
AT1G15120	Q0WWE3	reviewed	QCR6-1 At1g15120 F9L1.5
AT1G15120	A0A654E9X8	unreviewed	At1g15120 AN1_LOCUS1640
AT1G51980	Q9ZU25	reviewed	MPPalpha1 At1g51980 F5F19.4
AT1G51980	A8MQE5	unreviewed	At1g51980 AT1G51980 F5F19.4 F5F19_4
AT2G01090	Q9SJV7	reviewed	QCR6-2 At2g01090 F23H14.6
AT2G07727	P42792	reviewed	MT-CYB COB CYTB MTCYB AtMg00220; At2g07727
AT2G07727	A0A5S9YIQ0	unreviewed	At2g07727 Atmg00220 AT9943_LOCUS23394 AT9943_LOCUS23409 C24_LOCUS26957
AT3G02090	Q42290	reviewed	MPPbeta At3g02090 F1C9.12
AT3G02090	C0Z325	unreviewed	At3g02090
AT3G02090	Q56Z94	unreviewed	At3g02090
AT3G10860	Q9SG91	reviewed	UCRQ-1 At3g10860 T7M13.6
AT3G16480	O04308	reviewed	MPPalpha2 At3g16480 MDC8.11 T02O04.2
AT3G16480	C0Z331	unreviewed	At3g16480
AT3G27240	Q9LK29	reviewed	CYC1-1 At3g27240 K17E12.6
AT3G52730	Q9LXJ2	reviewed	QCR9 At3g52730 F3C22.130
AT3G52730	A0A1I9LS87	unreviewed	At3g52730 AT3G52730
AT4G32470	Q9SUU5	reviewed	QCR7-1 At4g32470 F8B4.170
AT4G32470	F4JUC2	unreviewed	At4g32470 AT4G32470
AT5G05370	Q9FLB7	reviewed	UCRQ-2 At5g05370 K18I23.18
AT5G13430	Q94JS0	reviewed	UCR1-1 At5g13430 T22N19.80
AT5G13440	Q9LYR2	reviewed	UCR1-2 At5g13440 T22N19.90
AT5G25450	F4JWS8	reviewed	QCR7-2 At5g25450 F18G18.190 T14C9.20
AT5G25450	A0A178UDK8	unreviewed	At5g25450 AT5G25450 F18G18.190 F18G18_190
AT5G25450	F4JWS9	unreviewed	At5g25450 AT5G25450 F18G18.190 F18G18_190
AT5G40810	Q9FKS5	reviewed	CYC1-2 At5g40810 MHK7.4
ATMG00220	P42792	reviewed	MT-CYB COB CYTB MTCYB AtMg00220; At2g07727
ATMG00220	A0A5S9YIQ0	unreviewed	At2g07727 Atmg00220 AT9943_LOCUS23394 AT9943_LOCUS23409 C24_LOCUS26957
ATMG00220	A0A654GEZ1	unreviewed	Atmg00220 AN1_LOCUS27110
AT1G22450	Q9S7L9	reviewed	COX6B-1 At1g22450 F12K8.20
AT1G80230	Q9SSB8	reviewed	COX5B-2 At1g80230 F18B13.29
AT2G47380	O22912	reviewed	At2g47380 T8I13.22
AT3G15640	Q9LW15	reviewed	COX5B-1 At3g15640 MSJ11.4
AT3G15640	A8MRD7	unreviewed	At3g15640 AT3G15640
AT3G62400	Q9LZQ0	reviewed	At3g62400 T12C14_100
AT4G28060	Q9SUD3	reviewed	COX6B-3 At4g28060 T13J8.170
AT4G37380	Q9SZT8	reviewed	ELI1 PCMP-H48 At4g37380 F6G17.30
AT5G57815	Q945L0	reviewed	COX6B-2 At5g57815 MTI20.5
AT5G61310	Q9FLK2	reviewed	At5g61310 FB13.8
ATMG00160	P93285	reviewed	COX2 COXII AtMg00160
ATMG00160	A0A178U5N7	unreviewed	Atmg00160 AXX17_ATUG02720
ATMG00160	G1C2Q7	unreviewed	cox2 Atmg00160
ATMG00730	P92514	reviewed	COX3 AtMg00730; At2g07687
ATMG00730	A0A7G2FNG7	unreviewed	At2g07687 Atmg00730 AT9943_LOCUS23381
ATMG01360	P60620	reviewed	COX1 COXI AtMg01360
AT1G51650	Q96253	reviewed	At1g51650 F19C24.25
AT2G07671	Q304C3	unreviewed	atp9 At2g07671 Atmg01080 AT2G07671
AT2G33040	Q96250	reviewed	ATPC At2g33040 F25I18.22
AT2G33040	A0A178W0Z6	unreviewed	At2g33040 AXX17_At2g29470 AT9943_LOCUS8339
AT3G52300	Q9FT52	reviewed	At3g52300 T25B15.70
AT3G52300	Q2V3P9	unreviewed	ATPQ ATP synthase D chain mitochondrial At3g52300 AT3G52300
AT5G08670	P83483	reviewed	At5g08670 T2K12.11
AT5G08680	Q9C5A9	reviewed	At5g08680 T2K12.16
AT5G08690	P83484	reviewed	At5g08690 T2K12.9
AT5G13450	Q96251	reviewed	At5g13450 T22N19.100
AT5G13450	B9DGP8	unreviewed	ATP5 At5g13450 AT5G13450
AT5G47030	Q96252	reviewed	At5g47030 MQD22.17
ATMG00410	P93298	reviewed	ATP6-1 AtMg00410; At2g07741
ATMG00410	A0A384KI37	unreviewed	At2g07741 Atmg00410 AXX17_ATUG03620
ATMG00410	A0A5S9YIJ2	unreviewed	Atmg00410 AN1_LOCUS27142 C24_LOCUS26979
ATMG00480	P93303	reviewed	YMF19 AtMg00480; At2g07707
ATMG00640	Q04613	reviewed	AtMg00640
ATMG01080	P60112	reviewed	ATP9 AtMg01080
ATMG01080	A0A178U5K6	unreviewed	Atmg01080 AXX17_ATUG03580 AXX17_ATUG03920
ATMG01080	Q304C3	unreviewed	atp9 At2g07671 Atmg01080 AT2G07671
ATMG01170	P92547	reviewed	ATP6-2 AtMg01170
ATMG01170	G1C2S8	unreviewed	atp6-2 Atmg01170
ATMG01190	P92549	reviewed	ATPA ATP1 AtMg01190
ATMG01190	G1C2Z0	unreviewed	atp1 Atmg01190
AT5G36700	P0DKC3	reviewed	PGLP1A At5g36700 F24C7
AT5G36790	P0DKC4	reviewed	PGLP1B At5g36790 F5H8.20
AT5G47760	Q8GWU0	reviewed	PGLP2 At5g47760 MCA23.8
AT5G47760	A0A1P8BHG5	unreviewed	PGLP2 ATPGLP2 ATPK5 MCA23.8 MCA23_8 At5g47760 AT5G47760
AT3G14150	Q24JJ8	reviewed	GLO3 At3g14150 MAG2.11
AT3G14150	A0A178VHR9	unreviewed	HAOX2 At3g14150 AT3G14150
AT3G14150	A0A178VLN8	unreviewed	At3g14150 AXX17_At3g14680
AT3G14150	A0A178VMD8	unreviewed	HAOX2 At3g14150 AT3G14150
AT3G14415	Q9LRS0	reviewed	GLO2 GOX1 At3g14415 MLN21.20
AT3G14415	F4JFV6	unreviewed	GOX2 glycolate oxidase 2 At3g14415 AT3G14415
AT3G14420	Q9LRR9	reviewed	GLO1 At3g14420 MAO2.2
AT3G14420	A8MS37	unreviewed	GOX1 glycolate oxidase 1 At3g14420 AT3G14420
AT3G14420	B3H4B8	unreviewed	GOX1 glycolate oxidase 1 At3g14420 AT3G14420
AT3G14420	Q2V3V9	unreviewed	GOX1 glycolate oxidase 1 At3g14420 AT3G14420
AT4G18360	O49506	reviewed	GLO5 GOX3 At4g18360 F28J12.20
AT4G18360	A0A1P8B993	unreviewed	GOX3 glycolate oxidase 3 At4g18360 AT4G18360 F28J12.20 F28J12_20
AT1G20620	Q42547	reviewed	CAT3 At1g20620 F2D10.40 F5M15.5
AT1G20620	A0A1P8AWR0	unreviewed	CAT3 ATCAT3 catalase 3 SEN2 SENESCENCE 2 At1g20620 AT1G20620 F5M15.5 F5M15_5
AT1G20620	A0A1P8AWT7	unreviewed	CAT3 ATCAT3 catalase 3 SEN2 SENESCENCE 2 At1g20620 AT1G20620 F5M15.5 F5M15_5
AT1G20620	B9DG18	unreviewed	CAT3 ATCAT3 catalase 3 SEN2 SENESCENCE 2 At1g20620 AT1G20620 F5M15.5 F5M15_5
AT1G20620	F4HUL6	unreviewed	CAT3 ATCAT3 catalase 3 SEN2 SENESCENCE 2 At1g20620 AT1G20620 F5M15.5 F5M15_5
AT1G20620	Q2V4M4	unreviewed	CAT3 ATCAT3 catalase 3 SEN2 SENESCENCE 2 At1g20620 AT1G20620 F5M15.5 F5M15_5
AT1G20630	Q96528	reviewed	CAT1 At1g20630 F2D10.11 F5M15.31
AT4G35090	P25819	reviewed	CAT2 CAT At4g35090 M4E13.140
AT4G35090	A0A1P8B564	unreviewed	CAT2 CATALASE catalase 2 At4g35090 AT4G35090 T12J5.2
AT4G35090	F4JM86	unreviewed	CAT2 CATALASE catalase 2 At4g35090 AT4G35090 T12J5.2
AT1G23310	Q9LR30	reviewed	GGAT1 AOAT1 GGT1 At1g23310 F26F24.16 F26F24_4
AT1G70580	Q9S7E9	reviewed	GGAT2 AOAT2 GGT2 At1g70580 F24J13.15 F5A18.24
AT2G26080	O80988	reviewed	GLDP2 GDCSP GDP2 At2g26080 T19L18.11
AT4G33010	Q94B78	reviewed	GLDP1 GDP1 At4g33010 F26P21.130
AT4G33010	B3H5Y8	unreviewed	GLDP1 AtGLDP1 At4g33010 AT4G33010 F4I10.7
AT1G11860	O65396	reviewed	GDCST GDT1 At1g11860 F12F1.30
AT1G11860	A0A2H1ZEA9	unreviewed	At1g11860 AT1G11860 F12F1.30 F12F1_30
AT4G37930	Q9SZJ5	reviewed	SHM1 SHMT1 STM At4g37930 F20D10.50
AT5G26780	Q94C74	reviewed	SHM2 SHMT2 At5g26780 F2P16.40
AT2G13360	Q56YA5	reviewed	AGT1 At2g13360 F14O4.7
AT1G68010	Q9C9W5	reviewed	HPR At1g68010 T23K23.14
AT1G68010	A0A1P8ANC0	unreviewed	HPR ATHPR1 hydroxypyruvate reductase At1g68010 AT1G68010
AT1G80380	Q944I4	reviewed	GLYK At1g80380 F5I6.13
AT1G80380	A0A178W1J2	unreviewed	At1g80380 AXX17_At1g75240 AT9943_LOCUS6005
AT1G80380	A0A1P8AMB3	unreviewed	At1g80380 AT1G80380 F5I6.13 F5I6_13
AT1G80380	A0A1P8AMB5	unreviewed	At1g80380 AT1G80380 F5I6.13 F5I6_13
AT1G80380	C0Z2X8	unreviewed	At1g80380 AT1G80380 F5I6.13 F5I6_13
AT1G80380	F4HS63	unreviewed	At1g80380 AT1G80380 F5I6.13 F5I6_13
AT1G09420	Q93ZW0	reviewed	G6PD4 At1g09420 F14J9.8
AT1G09420	F4I0Y8	unreviewed	G6PD4 At1g09420 AT1G09420 F14J9.8 F14J9_8
AT1G24280	Q8L743	reviewed	G6PD3 At1g24280 F3I6.22
AT3G27300	Q9LK23	reviewed	G6PD5 ACG9 At3g27300 K17E12.12
AT3G27300	A0A1I9LLZ6	unreviewed	G6PD5 At3g27300 AT3G27300
AT3G27300	A0A1I9LLZ7	unreviewed	G6PD5 At3g27300 AT3G27300
AT5G13110	Q9FY99	reviewed	G6PD2 At5g13110 T19L5_70
AT5G35790	Q43727	reviewed	G6PD1 APG1 At5g35790 MIK22.2 MWP19.3
AT1G13700	Q9LMX8	reviewed	PGL1 At1g13700 F21F23.14
AT3G49360	Q8LG70	reviewed	PGL2 At3g49360 F2K15.220 T1G12.6
AT5G24400	Q84WW2	reviewed	PGL3 EMB2024 At5g24400 K16H17.11
AT5G24410	Q9FIN1	reviewed	PGL4 At5g24410 K16H17.12
AT5G24420	Q8LEV7	reviewed	PGL5 At5g24420 K16H17.13
AT1G64190	Q9SH69	reviewed	PGD1 At1g64190 F22C12.5
AT3G02360	Q9FWA3	reviewed	PGD2 At3g02360 F11A12.5
AT5G41670	Q9FFR3	reviewed	PGD3 At5g41670 MBK23.20
AT1G12230	A0A5S9U222	unreviewed	At1g12230 C24_LOCUS1244
AT1G12230	F4IC59	unreviewed	At1g12230 AT1G12230 T28K15.4 T28K15_4
AT1G12230	Q56WS4	unreviewed	At1g12230
AT5G13420	Q9LYR4	unreviewed	TRA2 transaldolase 2 At5g13420 AT5G13420 T22N19.70 T22N19_70
AT1G22410	A0A654EDN8	unreviewed	At1g22410 AN1_LOCUS2384 C24_LOCUS2295
AT4G33510	Q00218	reviewed	DHS2 At4g33510 F17M5.270
AT4G33510	F4JIZ3	unreviewed	DHS2 AtDAHP2 DAHP2 At4g33510 AT4G33510 F17M5.270 F17M5_270
AT4G39980	P29976	reviewed	DHS1 At4g39980 T5J17.150
AT5G66120	Q8VYV7	reviewed	DHQS AROB At5g66120 K2A18.20
AT3G06350	Q9SQT8	reviewed	EMB3004 At3g06350 F24P17.18
AT2G21940	Q9SJ05	reviewed	SK1 At2g21940 F7D8.26
AT2G21940	A8MRG1	unreviewed	SK1 ATSK1 shikimate kinase 1 At2g21940 AT2G21940 F7D8.26 F7D8_26
AT2G21940	F4IIJ2	unreviewed	SK1 ATSK1 shikimate kinase 1 At2g21940 AT2G21940 F7D8.26 F7D8_26
AT4G39540	Q8GY88	reviewed	SK2 At4g39540 F23K16.170
AT4G39540	F4JW33	unreviewed	SK2 ATSK2 shikimate kinase 2 At4g39540 AT4G39540 F23K16.170 F23K16_170
AT1G48860	F4I035	unreviewed	At1g48860 AT1G48860 T24P22.2
AT1G48860	Q9FVP6	unreviewed	F27K7.11 At1g48860 AT1G48860 T24P22.2
AT2G45300	P05466	reviewed	At2g45300 F4L23.19
AT2G45300	A0A1P8B1E5	unreviewed	At2g45300 AT2G45300 F4L23.19
AT1G48850	P57720	reviewed	EMB1144 At1g48850 F27K7.1 T24P22.3
AT1G48850	A0A178W8K1	unreviewed	At1g48850 AXX17_At1g42970
AT1G48850	F4I032	unreviewed	EMB1144 embryo defective 1144 At1g48850 AT1G48850 T24P22.3 T24P22_3
AT1G48850	F4I033	unreviewed	EMB1144 embryo defective 1144 At1g48850 AT1G48850 T24P22.3 T24P22_3
AT1G10700	Q93Z66	reviewed	PRS3 At1g10700 F20B24.13 T16B5.16
AT1G10700	A0A1P8ANQ1	unreviewed	PRS3 At1g10700 AT1G10700 T16B5.16
AT1G32380	Q42583	reviewed	PRS2 At1g32380 F5D14.15
AT1G32380	A0A178WGP1	unreviewed	At1g32380 AXX17_At1g33160
AT1G32380	A0A1P8ATQ0	unreviewed	PRS2 At1g32380 AT1G32380 F5D14.15 F5D14_15
AT2G35390	Q42581	reviewed	PRS1 At2g35390 T32F12.23
AT2G35390	A0A178VYX1	unreviewed	At2g35390 AXX17_At2g31970 AT9943_LOCUS8555
AT2G35390	F4IJW3	unreviewed	AT2G35400 At2g35390 AT2G35390 T32F12.23 T32F12_23
AT2G44530	O64888	reviewed	PRS5 At2g44530 F16B22.2
AT2G44530	A8MQM3	unreviewed	At2g44530 AT2G44530 F4I1.54
AT4G15530	O23404	reviewed	PPDK At4g15530 dl3805c FCAALL.325
AT4G15530	A0A654FPJ2	unreviewed	At4g15530 AN1_LOCUS18221
AT4G15530	B9DHM5	unreviewed	At4g15530
AT2G19900	O82191	reviewed	NADP-ME1 At2g19900 F6F22.7
AT2G19900	A0A1P8B1I3	unreviewed	NADP-ME1 ATNADP-ME1 NADP-malic enzyme 1 At2g19900 AT2G19900 F6F22.7 F6F22_7
AT5G11670	Q9LYG3	reviewed	NADP-ME2 At5g11670 T22P22.60
AT5G25880	Q9XGZ0	reviewed	NADP-ME3 At5g25880 T1N24.25
AT5G25880	A0A1P8BDF1	unreviewed	NADP-ME3 ATNADP-ME3 NADP-malic enzyme 3 At5g25880 AT5G25880 T1N24.25 T1N24_25
AT5G25880	A0A1P8BDG6	unreviewed	NADP-ME3 ATNADP-ME3 NADP-malic enzyme 3 At5g25880 AT5G25880 T1N24.25 T1N24_25
AT1G79750	Q9CA83	reviewed	NADP-ME4 At1g79750 F19K16.27
AT1G04410	P93819	reviewed	MDH1 At1g04410 F19P19.13
AT5G58330	Q8H1E2	reviewed	At5g58330
AT5G58330	A0A654GCA1	unreviewed	At5g58330 AN1_LOCUS26127 C24_LOCUS25952
AT5G58330	C0Z2A4	unreviewed	At5g58330
AT5G58330	F4KEX3	unreviewed	MCK7.20 MCK7_20 NADP-MDH At5g58330 AT5G58330
AT2G42790	Q9SJH7	reviewed	CSY3 At2g42790 F7D19.21
AT3G58750	Q9LXS6	reviewed	CSY2 At3g58750 T20N10.100
AT1G32480	Q9LQK9	reviewed	IDH4 At1g32480 F5D14.26
AT1G65930	Q9SRZ6	reviewed	CICDH At1g65930 F12P19.10
AT1G54340	Q9SLK0	reviewed	ICDH At1g54340 F20D21.16
AT1G54340	A0A1P8ASL1	unreviewed	ICDH isocitrate dehydrogenase At1g54340 AT1G54340 F20D21.16 F20D21_16
AT1G54340	Q0WT09	unreviewed	At1g54340
AT5G14590	Q8LPJ5	reviewed	At5g14590 T15N1.80
AT3G21720	P28297	reviewed	ICL At3g21720 MSD21.3
AT3G21720	A0A5S9XEX2	unreviewed	At3g21720 AN1_LOCUS13610 AT9943_LOCUS11693 C24_LOCUS13448
AT5G03860	Q9LZC3	reviewed	MLS At5g03860 F8F6.70
AT1G09430	O80526	reviewed	ACLA-3 At1g09430 F19J9.9
AT1G10670	Q9SGY2	reviewed	ACLA-1 At1g10670 F20B24.11
AT1G10670	F4I5V8	unreviewed	ACLA-1 ATP-citrate lyase A-1 At1g10670 AT1G10670 F20B24.11 F20B24_11
AT1G60810	O22718	reviewed	ACLA-2 At1g60810 F23C21.5 F8A5.32
AT3G06650	Q9C522	reviewed	ACLB-1 At3g06650 F5E6.2 T8E24.7
AT5G49460	Q9FGX1	reviewed	ACLB-2 At5g49460 K7J8.14
AT5G36880	B9DGD6	reviewed	ACS At5g36880 F5H8.15
AT5G36880	A0A1P8BCV2	unreviewed	ACS acetyl-CoA synthetase At5g36880 AT5G36880
AT2G38040	Q9LD43	reviewed	CAC3 At2g38040 T8P21.5
AT2G38040	Q56Z17	unreviewed	At2g38040
AT5G15530	Q9LLC1	reviewed	BCCP2 At5g15530 T20K14_140
AT5G16390	Q42533	reviewed	BCCP1 CAC1 At5g16390 MQK4.12
AT5G16390	F4KE21	unreviewed	CAC1 BCCP BCCP-1 BCCP1 CAC1-A CAC1A MQK4.12 MQK4_12 At5g16390 AT5G16390
AT5G35360	O04983	reviewed	CAC2 At5g35360 T26D22.8
AT5G35360	F4JYE0	unreviewed	CAC2 ACETYL-COA CARBOXYLASE At5g35360 AT5G35360 T26D22.8 T26D22_8
AT5G35360	F4JYE1	unreviewed	CAC2 ACETYL-COA CARBOXYLASE At5g35360 AT5G35360 T26D22.8 T26D22_8
ATCG00500	P56765	reviewed	accD AtCg00500
ATCG00500	A0A1B1W4V3	unreviewed	accD Atcg00500
AT2G30200	F4IMR0	unreviewed	EMB3147 EMBRYO DEFECTIVE 3147 At2g30200 AT2G30200 T27E13.6 T27E13_6
AT2G30200	Q8RU07	unreviewed	EMB3147 EMBRYO DEFECTIVE 3147 At2g30200 AT2G30200 T27E13.6 T27E13_6
AT5G09650	Q9LXC9	reviewed	PPA6 PPA At5g09650 F17I14.160
AT1G01050	Q93V56	reviewed	PPA1 At1g01050 T25K16.5
AT1G01050	A0A5S9S0Q6	unreviewed	At1g01050 C24_LOCUS43
AT2G18230	P21216	reviewed	PPA2 PPA1 At2g18230 T30D6.26
AT2G46860	O82793	reviewed	PPA3 At2g46860 F19D11.23
AT3G53620	Q9LFF9	reviewed	PPA4 At3g53620 F4P12.320
AT1G12000	Q8W4M5	reviewed	PFP-BETA1 At1g12000 F12F1.13
AT1G20950	Q9SYP2	reviewed	PFP-ALPHA1 At1g20950 F9H16.6
AT1G76550	Q9C9K3	reviewed	PFP-ALPHA2 At1g76550 F14G6.15
AT4G04040	F4JGR5	reviewed	PFP-BETA2 MEE51 At4g04040 T24H24.15
AT5G14780	Q9S7E4	reviewed	FDH1 FDH At5g14780 T9L3_80
AT5G14780	A0A1P8B9L1	unreviewed	FDH AtFDH1 FORMATE DEHYDROGENASE formate dehydrogenase At5g14780 AT5G14780 T9L3.80 T9L3_80
AT5G14780	A0A1P8B9N1	unreviewed	FDH AtFDH1 FORMATE DEHYDROGENASE formate dehydrogenase At5g14780 AT5G14780 T9L3.80 T9L3_80
AT1G50480	Q9SPK5	reviewed	THFS At1g50480 F11F12.17 F17J6.2
AT2G16370	Q05762	reviewed	THY-1 At2g16370 F16F14.13
AT2G16370	A0A1P8B0M1	unreviewed	THY-1 thymidylate synthase 1 At2g16370 AT2G16370 F16F14.13 F16F14_13
AT2G21550	A0A178VTB5	unreviewed	At2g21550 AXX17_At2g17080
AT2G21550	A0A1P8B0G7	unreviewed	At2g21550 AT2G21550 F2G1.18 F2G1_18
AT2G21550	Q9SIK4	unreviewed	At2g21550 AT2G21550 F2G1.18 F2G1_18
AT2G17420	Q39242	reviewed	NTR2 NTRA At2g17420 F5J6.18
AT2G17420	A0A1P8AZS7	unreviewed	NTRA ATNTRA NTR2 THIOREDOXIN REDUCTASE A At2g17420 AT2G17420 F5J6.18 F5J6_18
AT2G41680	O22229	reviewed	NTRC At2g41680 T32G6.20
AT4G35460	Q39243	reviewed	NTR1 NTRB At4g35460 F15J1.30
AT3G09820	Q9SF85	reviewed	ADK1 At3g09820 F8A24.13
AT5G03300	Q9LZG0	reviewed	ADK2 At5g03300 F12E4.30 MOK16.21
AT5G03300	A0A1P8BAP0	unreviewed	ADK2 ADENOSINE KINASE 2 adenosine kinase 2 At5g03300 AT5G03300 F12E4.30 F12E4_30
AT2G36310	Q9SJM7	reviewed	URH1 NSH1 At2g36310 F2H17.8
AT1G27450	P31166	reviewed	APT1 APT At1g27450 F17L21.24
AT1G27450	A0A7G2DWB6	unreviewed	At1g27450 AT9943_LOCUS2308
AT1G27450	F4HSX1	unreviewed	APT1 ATAPT1 At1g27450 AT1G27450 F17L21.24 F17L21_24
AT1G80050	Q42563	reviewed	APT2 At1g80050 F18B13.14
AT1G80050	A0A1P8AN73	unreviewed	APT2 ATAPT2 PHT1.1 At1g80050 AT1G80050 F18B13.14 F18B13_14
AT4G12440	Q9SU38	reviewed	APT4 At4g12440 T1P17.30
AT4G12440	A0A1P8B8Z4	unreviewed	APT4 At4g12440 AT4G12440 T1P17.30 T1P17_30
AT4G22570	Q9SUW2	reviewed	APT3 At4g22570 F7K2.150
AT4G22570	A0A178UZN1	unreviewed	At4g22570 AXX17_At4g26200
AT4G22570	A0A1P8B6N4	unreviewed	APT3 At4g22570 AT4G22570 F7K2.150 F7K2_150
AT5G11160	Q9LFP0	reviewed	APT5 At5g11160 F2I11.50
AT5G11160	A0A1P8B9C5	unreviewed	APT5 At5g11160 AT5G11160 F2I11.50 F2I11_50
AT1G17160	A1A6H3	reviewed	RBSK At1g17160 F20D23.14
AT1G17160	A8MQX7	unreviewed	At1g17160 AT1G17160 F20D23.14 F20D23_14
AT1G37130	P11035	reviewed	NIA2 CHL3 At1g37130 F28L22.2
AT1G37130	C0Z2B5	unreviewed	At1g37130
AT1G77760	P11832	reviewed	NIA1 At1g77760 T32E8.9
AT2G15620	Q39161	reviewed	NIR1 NIR At2g15620 F9O13.17
AT2G15620	A0A654ET38	unreviewed	At2g15620 AN1_LOCUS7929
AT1G19920	Q43870	reviewed	APS2 ASA1 MET3-1 At1g19920 F6F9.2
AT1G19920	A0A654EDA5	unreviewed	At1g19920 AN1_LOCUS2127 AT9943_LOCUS1725 C24_LOCUS2040
AT3G22890	Q9LIK9	reviewed	APS1 At3g22890 F5N5.6
AT4G14680	O23324	reviewed	APS3 At4g14680 dl3380c FCAALL.128
AT4G14680	A0A1P8B8I9	unreviewed	APS3 DL3380C At4g14680 AT4G14680 FCAALL.128
AT5G43780	Q9S7D8	reviewed	APS4 At5g43780 MQD19.13
AT1G62180	P92981	reviewed	APR2 APSR PRH43 At1g62180 F19K23.11
AT1G62180	F4HX50	unreviewed	APR2 APS REDUCTASE APSR ATAPR2 PRH PRH43 At1g62180 AT1G62180 F19K23.11 F19K23_11
AT4G04610	P92979	reviewed	APR1 PRH19 At4g04610 F4H6.13
AT4G21990	P92980	reviewed	APR3 PRH26 At4g21990 F1N20.90
AT4G21990	F4JKD5	unreviewed	APR3 APS reductase 3 ATAPR3 PAPS REDUCTASE HOMOLOG 26 PRH-26 PRH26 At4g21990 AT4G21990 F1N20.90 F1N20_90
AT3G54660	P42770	reviewed	EMB2360 At3g54660 T5N23_20
AT5G04590	Q9LZ66	reviewed	SIR At5g04590 T32M21.190
AT1G08065	F4HUC4	reviewed	ACA5 At1g08065 T6D22.30
AT1G23730	Q9ZUC2	reviewed	BCA3 At1g23730 F5O8.28
AT1G23730	A0A178WEU5	unreviewed	At1g23730 AXX17_At1g24900
AT2G28210	F4IHR4	reviewed	ACA2 At2g28210 T3B23.12
AT2G28210	A0A178VW72	unreviewed	At2g28210 AXX17_At2g24220 AN1_LOCUS9219 C24_LOCUS9069
AT2G28210	A0A1P8AXK4	unreviewed	ACA2 alpha carbonic anhydrase 2 ATACA2 At2g28210 AT2G28210 T3B23.12 T3B23_12
AT3G52720	O04846	reviewed	ACA1 CAH1 At3g52720 F3C22.120
AT4G20990	F4JIK2	reviewed	ACA4 At4g20990 T13K14.150
AT4G21000	Q9SUB4	reviewed	ACA6 At4g21000 T13K14.160
AT4G21000	A0A654FRG5	unreviewed	At4g21000 AN1_LOCUS18802
AT5G04180	Q9FYE3	reviewed	ACA3 At5g04180 F21E1.100
AT5G14740	P42737	reviewed	BCA2 CA18 CA2 At5g14740 T9L3.40
AT5G14740	A0A178UT81	unreviewed	At5g14740 AXX17_At5g14240
AT5G14740	A0A178UTI0	unreviewed	At5g14740 AXX17_At5g14240
AT5G14740	A0A654G125	unreviewed	At5g14740 AN1_LOCUS22244
AT5G14740	A8MQY4	unreviewed	CA2 BETA CA2 BETA CARBONIC ANHYDRASE 2 CA18 CARBONIC ANHYDRASE 18 CARBONIC ANHYDRASE 2 carbonic anhydrase 2 At5g14740 AT5G14740 T9L3.40 T9L3_40
AT5G14740	F4K873	unreviewed	CA2 BETA CA2 BETA CARBONIC ANHYDRASE 2 CA18 CARBONIC ANHYDRASE 18 CARBONIC ANHYDRASE 2 carbonic anhydrase 2 At5g14740 AT5G14740 T9L3.40 T9L3_40
AT5G14740	F4K875	unreviewed	CA2 BETA CA2 BETA CARBONIC ANHYDRASE 2 CA18 CARBONIC ANHYDRASE 18 CARBONIC ANHYDRASE 2 carbonic anhydrase 2 At5g14740 AT5G14740 T9L3.40 T9L3_40
AT1G08080	Q8L817	reviewed	ACA7 At1g08080 T6D22.16
AT1G58180	Q9C6F5	reviewed	BCA6 At1g58180 T15M6.18 T18I24.9
AT1G58180	A0A178W367	unreviewed	At1g58180 AXX17_At1g52110
AT1G58180	A0A178W4R2	unreviewed	At1g58180 AXX17_At1g52110
AT1G58180	A0A1P8ANM5	unreviewed	BCA6 ATBCA6 beta carbonic anhydrase 6 At1g58180 AT1G58180 T15M6.18
AT1G70410	Q94CE4	reviewed	BCA4 CA4 At1g70410 F17O7.5
AT3G01500	P27140	reviewed	BCA1 CA1 SABP3 At3g01500 F4P13.5
AT3G01500	A0A178VLF2	unreviewed	At3g01500 AXX17_At3g00600
AT3G01500	A0A1I9LQB3	unreviewed	CA1 ATBCA1 ATSABP3 BETA CARBONIC ANHYDRASE 1 carbonic anhydrase 1 SABP3 At3g01500 AT3G01500 F4P13.5 F4P13_5
AT3G01500	C0Z272	unreviewed	At3g01500
AT4G33580	Q94CE3	reviewed	BCA5 At4g33580 T16L1.70
AT1G17290	F4I7I0	reviewed	ALAAT1 AOAT4 At1g17290 T13M22.3
AT1G72330	Q9LDV4	reviewed	ALAAT2 AOAT3 At1g72330 T10D10.20 T9N14.10
AT3G57560	Q9SCL7	reviewed	NAGK At3g57560 T8H10.160
AT2G19940	Q93Z70	reviewed	At2g19940 F6F22.3
AT2G19940	A0A1P8B108	unreviewed	At2g19940 AT2G19940 F6F22.3 F6F22_3
AT1G80600	Q9M8M7	reviewed	WIN1 At1g80600 T21F11.7
AT2G37500	Q9ZUR7	reviewed	At2g37500 F3G5.29
AT1G29900	Q42601	reviewed	CARB VEN3 At1g29900 F1N18.6
AT3G27740	Q9LVW7	reviewed	CARA VEN6 At3g27740 MGF10.15
AT3G27740	A8MRD8	unreviewed	CARA VEN6 VENOSA 6 At3g27740 AT3G27740
AT1G75330	O50039	reviewed	OTC At1g75330 F1B16.13
AT4G24830	Q9SZX3	reviewed	At4g24830 F6I7.40
AT4G24830	B3H778	unreviewed	At4g24830 AT4G24830 F6I7.40 F6I7_40
AT5G10920	Q9LEU8	reviewed	At5g10920 T30N20.190
AT3G47340	P49078	reviewed	ASN1 DIN6 At3g47340 T21L8.90
AT3G47340	A0A1I9LPY0	unreviewed	ASN1 AT-ASN1 DARK INDUCIBLE 6 DIN6 At3g47340 AT3G47340
AT3G47340	F4JBH5	unreviewed	ASN1 AT-ASN1 DARK INDUCIBLE 6 DIN6 At3g47340 AT3G47340
AT3G47340	F4JBH6	unreviewed	ASN1 AT-ASN1 DARK INDUCIBLE 6 DIN6 At3g47340 AT3G47340
AT5G10240	Q9LFU1	reviewed	ASN3 At5g10240 F18D22.10 T31P16.230
AT5G10240	F4KGS3	unreviewed	ASN3 asparagine synthetase 3 At5g10240 AT5G10240 F18D22.10 F18D22_10
AT5G65010	Q9LV77	reviewed	ASN2 At5g65010 MXK3.25
AT5G65010	A0A654GF85	unreviewed	At5g65010 AN1_LOCUS26822
AT1G62800	P46646	reviewed	ASP4 At1g62800 F23N19.17 F23N19_26
AT1G62800	A0A1P8APT9	unreviewed	ASP4 ASPARTATE AMINOTRANSFERASE 4 aspartate aminotransferase 4 At1g62800 AT1G62800 F23N19.17 F23N19_17
AT1G62800	F4I0D4	unreviewed	ASP4 ASPARTATE AMINOTRANSFERASE 4 aspartate aminotransferase 4 At1g62800 AT1G62800 F23N19.17 F23N19_17
AT1G62800	Q0WSV8	unreviewed	At1g62800
AT1G62960	Q9LQ10	reviewed	ACS10 At1g62960 F16P17.11
AT5G19550	P46645	reviewed	ASP2 AAT2 At5g19550 T20D1.70
AT5G19550	Q8L7N7	unreviewed	At5g19550
AT5G51690	Q8GYY0	reviewed	ACS12 At5g51690 K10D11.3 MIO24.18
AT5G51690	A0A1P8B9X4	unreviewed	ACS12 MIO24.18 MIO24_18 At5g51690 AT5G51690
AT2G22250	Q9SIE1	reviewed	PAT AAT MEE17 At2g22250 T26C19.9
AT4G31990	P46248	reviewed	ASP5 AAT1 AAT3 At4g31990 F10N7.200
AT4G31990	B9DG21	unreviewed	ASP5 AAT3 ASPARTATE AMINOTRANSFERASE aspartate aminotransferase 5 ATAAT1 At4g31990 AT4G31990 F11C18.15
AT4G31990	F4JTH0	unreviewed	ASP5 AAT3 ASPARTATE AMINOTRANSFERASE aspartate aminotransferase 5 ATAAT1 At4g31990 AT4G31990 F11C18.15
AT2G30970	P46643	reviewed	ASP1 At2g30970 F7F1.18
AT2G30970	Q56YR4	unreviewed	At2g30970
AT5G11520	P46644	reviewed	ASP3 YLS4 At5g11520 F15N18.110
AT3G16150	Q8GXG1	reviewed	At3g16150 MSL1.19
AT5G08100	P50287	reviewed	At5g08100 T22D6_40
AT5G08100	F4K9K7	unreviewed	ASPGA1 asparaginase A1 At5g08100 AT5G08100 T22D6.40 T22D6_40
AT1G55920	Q42588	reviewed	SAT1 SAT5 At1g55920 F14J16.18
AT2G17640	Q8S895	reviewed	SAT2 SAT106 At2g17640 T17A5.1 T19E12.2
AT2G17640	A0A178VXS4	unreviewed	At2g17640 AXX17_At2g12920
AT2G17640	A0A178VZH5	unreviewed	At2g17640 AXX17_At2g12920
AT3G13110	Q39218	reviewed	SAT3 SAT1 SATA At3g13110 MJG19.6
AT4G35640	Q8W2B8	reviewed	SAT4 At4g35640 F8D20.150
AT5G56760	Q42538	reviewed	SAT5 SAT52 At5g56760 MIK19.23
AT3G22460	Q9LJA0	reviewed	OASA2 OAS4 At3g22460 F16J14.2
AT4G14880	P47998	reviewed	OASA1 OAS1 OASS OLD3 At4g14880 dl3480c
AT4G14880	Q0WLF5	unreviewed	At4g14880
AT2G43750	P47999	reviewed	OASB At2g43750 F18O19.14
AT3G03630	O22682	reviewed	CS26 At3g03630 T12J13.9
AT3G61440	Q9S757	reviewed	CYSC1 OAS5 At3g61440 F2A19.40
AT3G61440	A0A1I9LTP2	unreviewed	CYSC1 ARATH:BSAS3:1 ATCYSC1 CYSTEINE SYNTHASE CYSTEINE SYNTHASE C1 cysteine synthase C1 At3g61440 AT3G61440
AT5G28020	Q9SXS7	reviewed	CYSD2 OAS6 At5g28020 F15F15.90
AT5G28020	C0Z3K2	unreviewed	At5g28020
AT5G28020	F4K5T1	unreviewed	CYSD2 ATCYSD2 CYSTEINE SYNTHASE CYSTEINE SYNTHASE D2 cysteine synthase D2 At5g28020 AT5G28020 F15F15.90 F15F15_90
AT5G53460	Q9LV03	reviewed	GLT1 At5g53460 MYN8.7
AT1G51720	A0A1P8AW36	unreviewed	At1g51720 AT1G51720 F19C24.7 F19C24_7
AT1G51720	A0A1P8AW38	unreviewed	At1g51720 AT1G51720 F19C24.7 F19C24_7
AT1G51720	F4I9M9	unreviewed	At1g51720 AT1G51720 F19C24.7 F19C24_7
AT1G51720	Q84WI8	unreviewed	At1g51720
AT1G51720	Q9C8I0	unreviewed	F19C24.7 At1g51720
AT5G60540	Q8LAD0	reviewed	PDX2 EMB2407 At5g60540 muf9.190
AT2G41220	Q9T0P4	reviewed	GLU2 At2g41220 F13H10.23
AT5G04140	Q9ZNZ7	reviewed	GLU1 GLS1 At5g04140 F21E1_60
AT5G04140	Q0WW25	unreviewed	At5g04140
AT3G03910	Q9S7A0	reviewed	GSH3 At3g03910 F20H23.4 T11I18.2
AT3G03910	A0A1I9LNF1	unreviewed	GDH3 glutamate dehydrogenase 3 At3g03910 AT3G03910 F20H23.4
AT5G07440	Q38946	reviewed	GDH2 At5g07440 T2I1_150
AT5G07440	F4K6P9	unreviewed	GDH2 GLUTAMATE DEHYDROGENASE 2 glutamate dehydrogenase 2 At5g07440 AT5G07440 T2I1.150 T2I1_150
AT5G07440	Q94F14	unreviewed	T2I1_150 At5g07440
AT5G18170	Q43314	reviewed	GDH1 At5g18170 MRG7.13
AT5G18170	Q94AA6	unreviewed	At5g18170
AT1G65960	Q42472	reviewed	GAD2 GDH2 At1g65960 F12P19.12
AT1G65960	Q56W28	unreviewed	GAD2 GLUTAMATE DECARBOXYLASE 2 glutamate decarboxylase 2 At1g65960 AT1G65960 F12P19.12 F12P19_12
AT2G02000	Q9ZPS4	reviewed	GAD3 At2g02000 F14H20.7
AT2G02010	Q9ZPS3	reviewed	GAD4 At2g02010 F14H20.8
AT2G02010	A0A1P8AZ64	unreviewed	GAD4 glutamate decarboxylase 4 At2g02010 AT2G02010 F14H20.8 F14H20_8
AT3G17760	Q9LSH2	reviewed	GAD5 At3g17760 MIG5.6
AT5G17330	Q42521	reviewed	GAD1 GAD GDH1 At5g17330 MKP11.30 MKP11_18
AT5G17330	A0A178UK63	unreviewed	At5g17330 AXX17_At5g16990 AXX17_At5g17010
AT3G22200	Q94CE5	reviewed	POP2 GABA-T GABAT1 HER1 At3g22200 MKA23.11
AT1G79440	Q9SAK4	reviewed	ALDH5F1 ENF1 SSADH1 At1g79440 T8K14.14
AT1G66200	Q8LCE1	reviewed	GLN1-2 GSR2 At1g66200 F15E12.14
AT1G66200	C0Z2C2	unreviewed	At1g66200
AT1G66200	F4ID91	unreviewed	GSR2 ATGSR2 GLN1:2 glutamine synthase clone F11 GLUTAMINE SYNTHETASE glutamine synthetase 1:2 At1g66200 AT1G66200 F15E12.14 F15E12_14
AT1G66200	F4ID92	unreviewed	GSR2 ATGSR2 GLN1:2 glutamine synthase clone F11 GLUTAMINE SYNTHETASE glutamine synthetase 1:2 At1g66200 AT1G66200 F15E12.14 F15E12_14
AT3G17820	Q9LVI8	reviewed	GLN1-3 At3g17820 MEB5.4
AT5G16570	Q9FMD9	reviewed	GLN1-4 At5g16570 MTG13.1
AT5G16570	A0A1P8BF22	unreviewed	GLN1:4 glutamine synthetase 1:4 MTG13.1 At5g16570 AT5G16570
AT5G37600	Q56WN1	reviewed	GLN1-1 At5g37600 K12B20.50
AT1G48470	Q8GXW5	reviewed	GLN1-5 At1g48470 T1N15.8 T1N15_7
AT5G35630	Q43127	reviewed	GLN2 GSLI At5g35630 MJE4.9
AT5G35630	Q56ZK3	unreviewed	At5g35630
AT1G08630	Q8RXU4	reviewed	THA1 At1g08630 F22O13.11
AT1G08630	A0A1P8ASQ3	unreviewed	THA1 threonine aldolase 1 At1g08630 AT1G08630 F22O13.11 F22O13_11
AT1G44170	Q70DU8	reviewed	ALDH3H1 ALDH4 At1g44170 T7O23.15
AT1G54100	Q9SYG7	reviewed	ALDH7B4 At1g54100 F15I1.19
AT3G24503	Q56YU0	reviewed	ALDH2C4 REF1 At3g24503 MOB24.3
AT3G66658	Q0WSF1	reviewed	ALDH22A1 At3g66658 T8E24.4
AT3G66658	F4JC27	unreviewed	ALDH22A1 aldehyde dehydrogenase 22A1 At3g66658 AT3G66658 T8E24.4 T8E24_4
AT4G36250	Q70E96	reviewed	ALDH3F1 At4g36250 F23E13.140
AT1G09795	Q8GSJ1	reviewed	HISN1B At1g09795 F21M12.39
AT1G58080	Q9S762	reviewed	HISN1A At1g58080 T15M6.9
AT1G31860	O82768	reviewed	HISN2 At1g31860 F5M6.13
AT1G31860	A0A178WI36	unreviewed	At1g31860 AXX17_At1g32490
AT1G31860	A0A1P8AUE7	unreviewed	AT-IE HISN2 HISTIDINE BIOSYNTHESIS 2 At1g31860 AT1G31860 F5M6.13 F5M6_13
AT1G31860	A0A1P8AUF5	unreviewed	AT-IE HISN2 HISTIDINE BIOSYNTHESIS 2 At1g31860 AT1G31860 F5M6.13 F5M6_13
AT2G36230	O82782	reviewed	HISN3 APG10 At2g36230 F2H17.16
AT2G36230	C0Z2T9	unreviewed	At2g36230
AT4G26900	Q9SZ30	reviewed	HISN4 At4g26900 F10M23.240
AT3G22425	P34047	reviewed	HISN5A At3g22425 MCB17.17
AT3G22425	A0A654FBJ8	unreviewed	At3g22425 AN1_LOCUS13692
AT3G22425	Q682C0	unreviewed	At3g22425
AT4G14910	O23346	reviewed	HISN5B At4g14910 dl3495c
AT4G14910	A0A178V3L2	unreviewed	At4g14910 AXX17_At4g17260
AT4G14910	F4JIH9	unreviewed	HISN5B DL3495C HISTIDINE BIOSYNTHESIS 5B At4g14910 AT4G14910 FCAALL.36
AT1G71920	P0DI07	reviewed	HISN6B GD1-A HPA2 At1g71920 F17M19.7
AT1G71920	A8MRI5	unreviewed	HISN6B ATHPA1 EMB2196 EMBRYO DEFECTIVE 2196 HISN6A HISTIDINE BIOSYNTHESIS 6A HISTIDINE BIOSYNTHESIS 6B HPA1 At1g71920 At5g10330 AT1G71920 AT5G10330 F17M19.7 F17M19_7 F18D22.100
AT1G71920	F4IBL7	unreviewed	HISN6B HISTIDINE BIOSYNTHESIS 6B At1g71920 AT1G71920 F17M19.7 F17M19_7
AT5G10330	B9DHD3	reviewed	HISN6A EMB2196 GD1-B HPA1 At5g10330 F18D22.100
AT5G10330	A0A5S9Y2Y6	unreviewed	At5g10330 C24_LOCUS21717
AT5G10330	A8MRI5	unreviewed	HISN6B ATHPA1 EMB2196 EMBRYO DEFECTIVE 2196 HISN6A HISTIDINE BIOSYNTHESIS 6A HISTIDINE BIOSYNTHESIS 6B HPA1 At1g71920 At5g10330 AT1G71920 AT5G10330 F17M19.7 F17M19_7 F18D22.100
AT4G39120	Q6NPM8	reviewed	HISN7 IMPL2 At4g39120 T22F8.20
AT5G63890	Q9C5U8	reviewed	HISN8 HDH At5g63890 MGI19.9
AT3G10050	Q9ZSS6	reviewed	OMR1 At3g10050 T22K18.12
AT3G48560	P17597	reviewed	ALS AHAS CSR1 TZP5 At3g48560 T8P19.70
AT3G48560	A0A5S9XIZ9	unreviewed	At3g48560 AN1_LOCUS15201 C24_LOCUS15080
AT3G58610	Q05758	reviewed	At3g58610 F14P22.200
AT3G58610	Q56WU3	unreviewed	At3g58610
AT3G23940	Q9LIR4	reviewed	DHAD At3g23940 F14O13.13
AT1G10070	Q9M439	reviewed	BCAT2 At1g10070 T27I1.9
AT1G10070	Q2V4P2	unreviewed	BCAT-2 ATBCAT-2 BCAT2 At1g10070 AT1G10070 T27I1.9 T27I1_9
AT3G49680	Q9M401	reviewed	BCAT3 At3g49680 T16K5.30
AT3G49680	B3H658	unreviewed	BCAT3 ATBCAT-3 At3g49680 AT3G49680
AT5G65780	Q9FYA6	reviewed	BCAT5 At5g65780 F6H11.110 MPA24.13
AT5G65780	F4JXK3	unreviewed	LINC4 CROWDED NUCLEI 4 CRWN4 LITTLE NUCLEI4 MPA24.12 MPA24_12 At5g65780 AT5G65770
AT1G18500	Q9LPR4	reviewed	IPMS1 MAML-4 At1g18500 F15H18.3
AT1G74040	Q9C550	reviewed	IPMS2 IMS1 MAML-3 At1g74040 F2P9.9
AT1G74040	A0A1P8AUZ8	unreviewed	IMS1 2-ISOPROPYLMALATE SYNTHASE 1 2-isopropylmalate synthase 1 IPMS2 ISOPROPYLMALATE SYNTHASE 2 MAML-3 SOPROPYLMALATE SYNTHASE 2 At1g74040 AT1G74040 F2P9.9 F2P9_9
AT1G74040	A0A1P8AV04	unreviewed	IMS1 2-ISOPROPYLMALATE SYNTHASE 1 2-isopropylmalate synthase 1 IPMS2 ISOPROPYLMALATE SYNTHASE 2 MAML-3 SOPROPYLMALATE SYNTHASE 2 At1g74040 AT1G74040 F2P9.9 F2P9_9
AT2G43090	Q9ZW85	reviewed	SSU1 LEUD3 At2g43090 MFL8.15
AT2G43090	F4IQ61	unreviewed	MFL8.15 IPMI SSU1 At2g43090 AT2G43090
AT2G43100	Q9ZW84	reviewed	SSU2 IPMI2 LEUD1 At2g43100 MFL8.14
AT3G58990	Q9LYT7	reviewed	SSU3 IPMI1 LEUD2 At3g58990 F17J16_40
AT4G13430	Q94AR8	reviewed	IIL1 At4g13430 T9E8.170
AT4G13430	C0Z3H8	unreviewed	At4g13430
AT1G31180	Q9SA14	reviewed	IMDH3 IMD3 IPMDH3 At1g31180 F28K20.14
AT1G31180	A0A1P8AUM8	unreviewed	IMD3 ATIMD3 IPMDH1 At1g31180 AT1G31180 F28K20.14 F28K20_14
AT1G31180	Q8GXH6	unreviewed	At1g31180 At1g31180/F28K20_14
AT1G80560	P93832	reviewed	IMDH2 IMD2 IMDH IPMDH2 At1g80560 T21F11.11
AT5G14200	Q9FMT1	reviewed	IMDH1 IMD1 IPMDH1 MAM-D1 At5g14200 MUA22.20
AT5G14200	B9DHH9	unreviewed	IMD1 ATIMD1 MUA22.20 MUA22_20 At5g14200 AT5G14200
AT5G14200	F4K5H6	unreviewed	IMD1 ATIMD1 MUA22.20 MUA22_20 At5g14200 AT5G14200
AT1G31230	Q9SA18	reviewed	AKHSDH1 AK-HSDH I At1g31230 F28K20.19 T19E23.1
AT3G02020	Q9S702	reviewed	AK3 AK-LYS3 At3g02020 F1C9.20 F28J7.35
AT3G02020	A0A178V4W1	unreviewed	At3g02020 AXX17_At3g01160
AT3G02020	A0A178V644	unreviewed	At3g02020 AXX17_At3g01160
AT3G02020	A0A178V8J9	unreviewed	At3g02020 AXX17_At3g01160
AT4G19710	O81852	reviewed	AKHSDH2 AK-HSDH II At4g19710 T16H5.70
AT5G13280	Q9LYU8	reviewed	AK1 AK AK-LYS1 At5g13280 T31B5.100
AT5G14060	O23653	reviewed	AK2 AK-LYS2 CARAB-AK-LYS At5g14060 MUA22.6
AT5G14060	A0A1P8BBD5	unreviewed	CARAB-AK-LYS ASPARTATE KINASE MUA22.6 MUA22_6 At5g14060 AT5G14060
AT1G14810	A0A178W3P2	unreviewed	At1g14810 AXX17_At1g15490 AN1_LOCUS1608 C24_LOCUS1525
AT1G14810	A0A1P8ANY1	unreviewed	At1g14810 AT1G14810 F10B6.22 F10B6_22
AT2G45440	Q9FVC8	reviewed	DHDPS2 At2g45440 F4L23.5
AT3G60880	Q9LZX6	reviewed	DHDPS1 DHDPS DHPS1 At3g60880 T4C21_290
AT2G44040	O80574	reviewed	DAPB1 At2g44040 F6E13.17
AT2G44040	A0A5S9X6T2	unreviewed	At2g44040 AN1_LOCUS10919 C24_LOCUS10757
AT3G59890	Q8LB01	reviewed	DAPB2 At3g59890 F24G16.160
AT5G52100	Q9FJ82	reviewed	DAPB3 CRR1 At5g52100 MSG15.20
AT5G52100	A0A178UEX9	unreviewed	At5g52100 AXX17_At5g50980
AT5G52100	A0A654GAQ9	unreviewed	At5g52100 AN1_LOCUS25462
AT4G33680	Q93ZN9	reviewed	DAP AGD2 At4g33680 T16L1.170
AT3G53580	Q9LFG2	reviewed	DAPF At3g53580 F4P12.280
AT3G14390	Q949X7	reviewed	LYSA1 At3g14390 MLN21.17
AT5G11880	Q94A94	reviewed	LYSA2 diDi 18A-1f At5g11880 F14F18.50
AT2G17265	Q8L7R2	reviewed	HSK DMR1 At2g17265 F5J6.24
AT3G01120	P55217	reviewed	CGS1 CYS1 MTO1 At3g01120 T4P13.19
AT3G57050	P53780	reviewed	At3g57050 F24I3.130
AT3G57050	A0A178V6Z2	unreviewed	At3g57050 AXX17_At3g51640
AT3G57050	A0A178V8L7	unreviewed	At3g57050 AXX17_At3g51640
AT3G57050	A0A1I9LQK6	unreviewed	CBL cystathionine beta-lyase At3g57050 AT3G57050
AT3G57050	A0A1I9LQK7	unreviewed	CBL cystathionine beta-lyase At3g57050 AT3G57050
AT3G57050	F4J244	unreviewed	CBL cystathionine beta-lyase At3g57050 AT3G57050
AT2G44160	O80585	reviewed	MTHFR2 At2g44160 F6E13.29
AT3G59970	Q9SE60	reviewed	MTHFR1 At3g59970 F24G16.240
AT3G59970	F4JAK1	unreviewed	MTHFR1 At3g59970 AT3G59970
AT3G03780	Q9SRV5	reviewed	MS2 At3g03780 F20H23.19
AT5G17920	O50008	reviewed	MS1 CIMS At5g17920 MPI7.9
AT5G20980	Q0WNZ5	reviewed	MS3 At5g20980 F22D1
AT1G22020	Q9LM59	reviewed	SHM6 SHMT6 At1g22020 F2E2.7
AT1G36370	Q84WV0	reviewed	SHM7 SHMT7 At1g36370 F7F23.9
AT1G36370	A0A5S9WJ23	unreviewed	At1g36370 AT9943_LOCUS3028 C24_LOCUS3504
AT4G13890	Q9SVM4	reviewed	SHM5 EDA36 EDA37 SHMT5 At4g13890 F18A5.280
AT4G13890	A0A1P8B5D5	unreviewed	EDA36 EDA37 SHM5 At4g13890 AT4G13890 F18A5.280 F18A5_280
AT4G13930	O23254	reviewed	SHM4 SHMT4 At4g13930 dl3005c FCAALL.160
AT1G02500	P23686	reviewed	SAM1 At1g02500 T14P4.17 T14P4_22
AT2G36880	Q9SJL8	reviewed	METK3 At2g36880 T1J8.6
AT3G22740	Q8LAX0	reviewed	HMT3 At3g22740 MWI23.11
AT3G25900	Q9SDL7	reviewed	HMT-1 At3g25900 MPE11.5 MPE11.6
AT3G25900	A0A178VJZ7	unreviewed	At3g25900 AXX17_At3g27990
AT3G25900	A0A654FAP2	unreviewed	At3g25900 AN1_LOCUS14062
AT3G25900	F4JBA8	unreviewed	HMT-1 ATHMT-1 At3g25900 AT3G25900
AT3G63250	Q9M1W4	reviewed	HMT-2 At3g63250 F16M2.100
AT3G63250	F4J0X9	unreviewed	HMT2 ATHMT-2 HMT-2 At3g63250 AT3G63250
AT3G23810	Q9LK36	reviewed	SAHH2 At3g23810 MYM9.16 MYM9_15
AT4G13940	O23255	reviewed	SAHH1 EMB1395 HOG1 At4g13940 dl3010w
AT4G13940	A8MQP1	unreviewed	HOG1 ATSAHH1 DL3010W EMB1395 EMBRYO DEFECTIVE 1395 MEE58 SAH1 SAHH1 At4g13940 AT4G13940 FCAALL.35
AT4G13940	C0Z3F3	unreviewed	At4g13940
AT4G13940	F4JTV4	unreviewed	HOG1 ATSAHH1 DL3010W EMB1395 EMBRYO DEFECTIVE 1395 MEE58 SAH1 SAHH1 At4g13940 AT4G13940 FCAALL.35
AT4G13940	F4JTV5	unreviewed	HOG1 ATSAHH1 DL3010W EMB1395 EMBRYO DEFECTIVE 1395 MEE58 SAH1 SAHH1 At4g13940 AT4G13940 FCAALL.35
AT1G69370	Q9C544	reviewed	CM3 At1g69370 F10D13.6 F23O10.5
AT3G29200	P42738	reviewed	CM1 At3g29200 MXO21.4
AT5G10870	Q9S7H4	reviewed	CM2 At5g10870 T30N20.140
AT1G08250	Q9SGD6	reviewed	ADT6 PDT6 At1g08250 T23G18.10
AT1G11790	Q9SA96	reviewed	ADT1 PDT1 At1g11790 F25C20.4
AT1G11790	A0A5S9TW43	unreviewed	At1g11790 AN1_LOCUS1284 C24_LOCUS1196
AT2G27820	Q9ZUY3	reviewed	ADT3 PD1 PDT1 At2g27820 F15K20.8
AT3G07630	Q9SSE7	reviewed	ADT2 PDT2 At3g07630 MLP3.8
AT3G44720	O22241	reviewed	ADT4 At3g44720 T32N15.11
AT5G22630	Q9FNJ8	reviewed	ADT5 At5g22630 MDJ22.5
AT4G08870	Q9ZPF5	reviewed	ARGAH2 At4g08870 T3H13.10
AT4G08870	B9DFC0	unreviewed	ARGAH2 arginine amidohydrolase 2 At4g08870 AT4G08870 T3H13.10 T3H13_10
AT4G08900	P46637	reviewed	ARGAH1 At4g08900 T3H13.7
AT1G67550	Q9SR52	reviewed	URE At1g67550 F12B7.10
AT5G46180	Q9FNK4	reviewed	DELTA-OAT At5g46180 MCL19.24
AT2G39800	P54887	reviewed	P5CSA P5CS1 At2g39800 T5I7.10
AT2G39800	B9DFG0	unreviewed	P5CS1 ATP5CS At2g39800 AT2G39800 T5I7.10 T5I7_10
AT2G39800	F4IFZ9	unreviewed	P5CS1 ATP5CS At2g39800 AT2G39800 T5I7.10 T5I7_10
AT3G55610	P54888	reviewed	P5CSB P5CS2 At3g55610 F1I16_20
AT3G55610	B3H5E3	unreviewed	P5CS2 At3g55610 AT3G55610
AT5G14800	P54904	reviewed	PROC1 EMB2772 At5g14800 T9L3_100
AT5G14800	F4K884	unreviewed	P5CR AT-P5C1 AT-P5R EMB2772 EMBRYO DEFECTIVE 2772 At5g14800 AT5G14800 T9L3.100 T9L3_100
AT3G30775	P92983	reviewed	POX1 ERD5 PRO1 PRODH1 At3g30775 MIF6.16 MIF6.19
AT5G38710	Q6NKX1	reviewed	POX2 PRODH2 At5g38710 MKD10.10
AT5G38710	A0A1P8BCG0	unreviewed	MKD10.10 MKD10_10 At5g38710 AT5G38710
AT5G62530	Q8VZC3	reviewed	ALDH12A1 P5CDH At5g62530 K19B1.14
AT1G17745	O04130	reviewed	PGDH2 3-PGDH PGDH At1g17745 F11A6.8
AT3G19480	Q9LT69	reviewed	PGDH3 3-PGDH At3g19480 MLD14.22
AT4G34200	O49485	reviewed	PGDH1 EDA9 At4g34200 F10M10.7
AT4G34200	Q56WY7	unreviewed	At4g34200
AT2G17630	Q9SHP0	reviewed	PSAT2 At2g17630 T19E12.3
AT4G35630	Q96255	reviewed	PSAT1 At4g35630 F8D20.140
AT1G18640	O82796	reviewed	PSP PSP1 At1g18640 F26I16.2
AT1G18640	A0A1P8AMY1	unreviewed	PSP 3-PHOSPHOSERINE PHOSPHATASE 3-phosphoserine phosphatase phosphoserine phosphatase 1 PSP1 At1g18640 AT1G18640
AT1G18640	A0A5S9V0Q6	unreviewed	At1g18640 AN1_LOCUS1998 C24_LOCUS1914
AT4G11640	Q2PGG3	reviewed	SR SR1 At4g11640 T5C23.70
AT4G11640	Q8GW70	unreviewed	At4g11640 At4g11640/T5C23_70
AT1G72810	Q9SSP5	reviewed	TS2 At1g72810 F3N23.1
AT4G29840	Q9S7B5	reviewed	TS1 MTO2 At4g29840 F27B13.80
AT1G24807	Q9FXK1	unreviewed	At1g24807 AT1G24807 F5A9.17 F5A9_17
AT2G29690	P32069	reviewed	ASA2 At2g29690 T27A16.21
AT2G29690	A0A1P8B1S3	unreviewed	ASA2 anthranilate synthase 2 ATHANSYNAB At2g29690 AT2G29690 T27A16.21 T27A16_21
AT3G55870	A0A1I9LMN9	unreviewed	At3g55870 AT3G55870
AT3G55870	A0A1I9LMP0	unreviewed	At3g55870 AT3G55870
AT3G55870	F4IY44	unreviewed	At3g55870 AT3G55870
AT5G05730	P32068	reviewed	ASA1 AMT1 JDL1 TRP5 WEI2 At5g05730 MJJ3.14
AT5G05730	F4K0T5	unreviewed	ASA1 AMT1 JDL1 MJJ3.14 MJJ3_14 TRP5 TRYPTOPHAN BIOSYNTHESIS 5 WEAK ETHYLENE INSENSITIVE 2 WEI2 At5g05730 AT5G05730
AT5G17990	Q02166	reviewed	PAT1 At5g17990 MCM23.6
AT1G07780	Q42440	reviewed	PAI1 TRP6 At1g07780 F24B9.11
AT1G07780	A0A178WJV7	unreviewed	At1g07780 AXX17_At1g07470
AT1G07780	A0A1P8ATT5	unreviewed	PAI1 TRANSIENT RECEPTOR POTENTIAL 6 TRP6 At1g07780 AT1G07780 F24B9.11 F24B9_11
AT1G07780	A0A1P8ATU6	unreviewed	PAI1 TRANSIENT RECEPTOR POTENTIAL 6 TRP6 At1g07780 AT1G07780 F24B9.11 F24B9_11
AT1G07780	B3H4J9	unreviewed	PAI1 TRANSIENT RECEPTOR POTENTIAL 6 TRP6 At1g07780 AT1G07780 F24B9.11 F24B9_11
AT1G29410	Q8LPI9	reviewed	PAI3 At1g29410 F15D2.31
AT1G29410	A0A1P8ATF0	unreviewed	PAI3 At1g29410 AT1G29410 F15D2.31 F15D2_31
AT1G29410	A0A1P8ATF1	unreviewed	PAI3 At1g29410 AT1G29410 F15D2.31 F15D2_31
AT5G05590	Q42527	reviewed	PAI2 At5g05590 MOP10.13
AT5G05590	A0A1P8B9M1	unreviewed	PAI2 MOP10.13 MOP10_13 At5g05590 AT5G05590
AT5G05590	A0A1P8B9P1	unreviewed	PAI2 MOP10.13 MOP10_13 At5g05590 AT5G05590
AT2G04400	P49572	reviewed	IGPS At2g04400 T1O3.19
AT5G48220	A8MS79	unreviewed	MIF21.11 MIF21_11 At5g48220 AT5G48220
AT5G48220	F4K083	unreviewed	MIF21.11 MIF21_11 At5g48220 AT5G48220
AT5G48220	Q9LUB2	unreviewed	MIF21.11 MIF21_11 At5g48220 AT5G48220
AT3G54640	Q42529	reviewed	TSA1 TRP3 TSA2 At3g54640 T14E10.210
AT4G02610	O22765	reviewed	TRPA1 INS TSA At4g02610 T10P11.11
AT4G27070	P25269	reviewed	TSB2 At4g27070 T24A18.20
AT5G54810	P14671	reviewed	TSB1 At5g54810 MBG8.7
AT5G54810	Q56YC7	unreviewed	At5g54810
AT1G15710	Q9LMR3	reviewed	TYRAAT2 At1g15710 F7H2.5
AT1G15710	A0A178W598	unreviewed	At1g15710 AXX17_At1g16470 AN1_LOCUS1701 AT9943_LOCUS1358 C24_LOCUS1617
AT2G16570	Q9SI61	reviewed	ASE1 GPRAT1 At2g16570 F1P15
AT4G34740	Q9STG9	reviewed	ASE2 CIA1 DOV1 GPRAT2 PURF2 At4g34740 T4L20.320
AT4G38880	Q9T0J5	reviewed	ASE3 GPRAT3 At4g38880 F19H22.3 T9A14
AT1G09830	P52420	reviewed	PUR2 At1g09830 F21M12.22
AT1G31220	P52422	reviewed	PUR3 At1g31220 F28K20.18
AT1G74260	Q9M8D3	reviewed	At1g74260 F1O17.7
AT3G55010	Q05728	reviewed	PUR5 At3g55010 F28P10.10 T15C9.10
AT2G37690	Q84TI2	unreviewed	At2g37690 AT2G37690 F13M22.19 F13M22_19
AT3G21110	P38025	reviewed	PUR7 At3g21110 MSA6.15 MSA6.26
AT1G36280	F4I1L9	unreviewed	At1g36280 AT1G36280 F15C21.8 F15C21_8
AT1G36280	Q8GUN7	unreviewed	At1g36280 AT1G36280 F15C21.8 F15C21_8
AT4G18440	Q8RY94	unreviewed	At4g18440 AT4G18440 F28J12.100 F28J12_100
AT2G35040	A0A5S9X4B6	unreviewed	At2g35040 C24_LOCUS9794
AT2G35040	O64767	unreviewed	At2g35040 AT2G35040 F19I3.27 F19I3_27
AT2G38280	O80452	reviewed	AMPD FAC1 At2g38280 F16M14.21
AT1G16350	Q9SA34	reviewed	At1g16350 F3O9.15
AT1G16350	Q8GXQ8	unreviewed	At1g16350 At1g16350/F3O9_15
AT1G79470	P47996	reviewed	IMPDH At1g79470 T8K14.11
AT1G63660	F4I3P5	unreviewed	At1g63660 AT1G63660 F24D7.15 F24D7_15
AT1G63660	Q9CAD1	unreviewed	At1g63660 AT1G63660 F24D7.15 F24D7_15
AT3G57610	Q96529	reviewed	PURA At3g57610 F15B8.200
AT3G57610	A0A178VBJ3	unreviewed	At3g57610 AXX17_At3g52190
AT3G57610	A0A178VIV3	unreviewed	PURA At3g57610 AXX17_At3g52200
AT3G20330	P49077	reviewed	PYRB At3g20330 MQC12.7
AT3G20330	A0A5S9XDX1	unreviewed	At3g20330 C24_LOCUS13295
AT4G22930	O04904	reviewed	PYR4 At4g22930 F7H19.110
AT5G23300	P32746	reviewed	PYRD At5g23300 MKD15.16
AT3G54470	Q42586	reviewed	PYRE-F UMPS At3g54470 T14E10.40
AT3G54470	C0Z2E7	unreviewed	At3g54470
AT1G30820	F4I6G9	unreviewed	At1g30820 AT1G30820 T17H7.12 T17H7_12
AT2G34890	O64753	unreviewed	At2g34890 AT2G34890 F19I3.12 F19I3_12
AT3G12670	A0A5S9XBQ0	unreviewed	At3g12670 C24_LOCUS12424
AT3G12670	Q9LTW8	unreviewed	emb2742 embryo defective 2742 T2E22.2 At3g12670 AT3G12670
AT4G02120	A0A178UX17	unreviewed	At4g02120 AXX17_At4g02700 AN1_LOCUS17002
AT4G02120	A0A1P8B6F8	unreviewed	At4g02120 AT4G02120 T10M13.13 T10M13_13
AT4G02120	A0A1P8B6F9	unreviewed	At4g02120 AT4G02120 T10M13.13 T10M13_13
AT4G02120	A0A1P8B6G0	unreviewed	At4g02120 AT4G02120 T10M13.13 T10M13_13
AT4G02120	A0A1P8B6G6	unreviewed	At4g02120 AT4G02120 T10M13.13 T10M13_13
AT4G02120	Q8L6Z9	unreviewed	At4g02120 AT4G02120 T10M13.13 T10M13_13
AT4G20320	A0A1P8B985	unreviewed	At4g20320 AT4G20320 F1C12.230 F1C12_230
AT4G20320	Q0WRY1	unreviewed	At4g20320 AT4G20320 F1C12.230 F1C12_230
AT2G37250	Q9ZUU1	reviewed	ADK At2g37250 F3G5.4
AT5G50370	Q9FK35	reviewed	ADK2 At5g50370 MXI22.8
AT5G50370	A0A1P8BFG5	unreviewed	MXI22.8 MXI22_8 At5g50370 AT5G50370
AT5G63400	O82514	reviewed	ADK1 At5g63400 MLE2.3
AT5G63400	F4KAP2	unreviewed	ADK1 ADENYLATE KINASE 1 adenylate kinase 1 MLE2.3 MLE2_3 At5g63400 AT5G63400
AT5G35170	Q8VYL1	reviewed	At5g35170 T25C13.50
AT5G35170	F4JYC0	unreviewed	At5g35170 AT5G35170 T25C13.50 T25C13_50
AT5G35170	Q56YE6	unreviewed	At5g35170
AT5G47840	Q9FIJ7	reviewed	At5g47840 MCA23.18
AT5G47840	A0A1P8B9K9	unreviewed	AMK2 adenosine monophosphate kinase MCA23.18 MCA23_18 At5g47840 AT5G47840
AT2G41880	P93757	reviewed	GK-1 AGK1 At2g41880 T11A7.23
AT2G41880	A0A1P8AXL1	unreviewed	GK-1 AGK1 guanylate kinase 1 At2g41880 AT2G41880 T11A7.23
AT2G41880	A0A1P8AXM7	unreviewed	GK-1 AGK1 guanylate kinase 1 At2g41880 AT2G41880 T11A7.23
AT2G41880	A0A1P8AXQ2	unreviewed	GK-1 AGK1 guanylate kinase 1 At2g41880 AT2G41880 T11A7.23
AT2G41880	A0A1P8AXQ4	unreviewed	GK-1 AGK1 guanylate kinase 1 At2g41880 AT2G41880 T11A7.23
AT2G41880	A0A1P8AXT0	unreviewed	GK-1 AGK1 guanylate kinase 1 At2g41880 AT2G41880 T11A7.23
AT3G57550	Q9M682	reviewed	GK-2 AGK2 At3g57550 T8H10.150
AT3G57550	F4J3E9	unreviewed	AGK2 GK-2 GUANYLATE KINAS GUANYLATE KINAS 2 guanylate kinase At3g57550 AT3G57550
AT5G26667	O04905	reviewed	UMK3 PYR6 At5g26667 T7I7.5
AT5G26667	A0A178UDQ9	unreviewed	At5g26667 AXX17_At5g26420 C24_LOCUS23263
AT3G04080	Q9SQG2	reviewed	APY1 At3g04080 T6K12.30
AT3G04080	A0A5S9X9J8	unreviewed	At3g04080 C24_LOCUS11531
AT3G04080	A0A654F530	unreviewed	At3g04080 AN1_LOCUS11694
AT2G21790	Q9SJ20	reviewed	RNR1 DPD2 At2g21790 F7D8.11
AT2G21790	Q9FPG5	unreviewed	At2g21790 At2g21790/F7D8.11
AT3G23580	P50651	reviewed	RNR2A RNR2 At3g23580 MDB19.6
AT3G27060	Q9LSD0	reviewed	TSO2 At3g27060 MOJ10.13
AT3G46940	Q9STG6	reviewed	DUT DUT1 At3g46940 T6H20.30
AT3G46940	A0A1I9LM85	unreviewed	DUT1 DUTP-PYROPHOSPHATASE-LIKE 1 At3g46940 AT3G46940 F13I12.6
AT5G59440	Q0WW55	reviewed	ZEU1 At5g59440
AT5G59440	A0A178UQB6	unreviewed	At5g59440 AXX17_At5g58850
AT5G59440	F4KJ62	unreviewed	ZEU1 ATTMPK.1 ATTMPK.2 ZEUS1 At5g59440 AT5G59440 F2O15.12 F2O15_12
AT4G09320	P39207	reviewed	NDK1 NDPK1 At4g09320 T30A10.80
AT5G63310	O64903	reviewed	NDPK2 At5g63310 MDC12.28
AT1G79870	Q9CA90	reviewed	HPR2 At1g79870 F19K16.17
AT1G12550	Q9LE33	reviewed	HPR3 At1g12550 F5O11.29 T12C24.9
AT2G13560	Q9SIU0	reviewed	NAD-ME1 At2g13560 T10F5.10
AT5G08740	Q8GXR9	reviewed	NDC1 At5g08740 T2K12.12 T2K12_90
AT1G14150	Q9XI73	reviewed	PNSL2 PQL1 PQL2 At1g14150 F7A19.23
AT1G15980	Q9S9N6	reviewed	PNSB1 GT9 NDF1 NDH48 At1g15980 T24D18.8
AT1G18730	Q8RXS1	reviewed	PNSB4 NDF6 At1g18730 F6A14.16
AT1G18730	A0A1P8AS98	unreviewed	PnsB4 NDF6 NDH dependent flow 6 At1g18730 AT1G18730 F6A14.16 F6A14_16
AT1G18730	A8MRZ5	unreviewed	PnsB4 NDF6 NDH dependent flow 6 At1g18730 AT1G18730 F6A14.16 F6A14_16
AT1G18730	B3H6Z4	unreviewed	PnsB4 NDF6 NDH dependent flow 6 At1g18730 AT1G18730 F6A14.16 F6A14_16
AT1G18730	F4ICC6	unreviewed	PnsB4 NDF6 NDH dependent flow 6 At1g18730 AT1G18730 F6A14.16 F6A14_16
AT1G70760	Q9CAC5	reviewed	ndhL CRR23 NDH-L At1g70760 F15H11.1 F5A18.6
AT1G74880	Q9S829	reviewed	ndhO NDH-O At1g74880 F25A4.15 F9E10.27
AT2G39470	O80634	reviewed	PNSL1 PPL2 At2g39470 F12L6.13
AT3G01440	Q9SGH4	reviewed	PNSL3 PQL1 PQL2 At3g01440 T13O15.8
AT3G16250	Q9LU21	reviewed	PNSB3 NDF4 At3g16250 MYA6.6
AT4G09350	Q9SMS0	reviewed	ndhT CRRJ DJC75 At4g09350 T30A10.110
AT4G23890	Q9T0A4	reviewed	ndhS CRR31 At4g23890 T32A16.60
AT4G37925	Q2V2S7	reviewed	ndhM NDH-M At4g37925 F20D10.40
AT4G39710	Q9SCY3	reviewed	PNSL4 FKBP16-2 FKBP22-2 FKBP23I At4g39710 T19P19.100
AT4G39710	F4JW56	unreviewed	PnsL4 FK506-binding protein 16-2 FKBP16-2 At4g39710 AT4G39710 T19P19.100 T19P19_100
AT5G13120	Q9ASS6	reviewed	PNSL5 CYP20-2 At5g13120 T19L5_80
AT5G21430	Q84VQ4	reviewed	ndhU CRRL At5g21430 F13M11.2
AT5G43750	Q9FG89	reviewed	PNSB5 NDH18 At5g43750 MQD19.9
AT5G58260	Q9LVM2	reviewed	ndhN NDH-N At5g58260 MCK7.13
ATCG00420	P56754	reviewed	ndhJ AtCg00420
ATCG00430	P56756	reviewed	ndhK psbG AtCg00430
ATCG00440	P56751	reviewed	ndhC AtCg00440
ATCG00890	P0CC32	reviewed	ndhB1 ndhB-A AtCg00890
ATCG01010	P56752	reviewed	ndhF AtCg01010
ATCG01050	P26288	reviewed	ndhD AtCg01050
ATCG01070	P26289	reviewed	ndhE AtCg01070
ATCG01080	Q95695	reviewed	ndhG AtCg01080
ATCG01090	P56755	reviewed	ndhI AtCg01090
ATCG01100	Q37165	reviewed	ndhA AtCg01100
ATCG01110	P56753	reviewed	ndhH AtCg01110
ATCG01250	P0CC33	reviewed	ndhB2 ndhB-B AtCg01250
AT1G32350	Q8LEE7	reviewed	AOX3 AOX1D At1g32350 F27G20_12 F5D14.11
AT1G32350	A0A1P8AP13	unreviewed	AOX1D alternative oxidase 1D At1g32350 AT1G32350 F27G20.12
AT3G22360	O23913	reviewed	AOX1B At3g22360 MCB17.10
AT3G22370	Q39219	reviewed	AOX1A AOX1 HSR3 At3g22370 MCB17.11
AT3G27620	O22048	reviewed	AOX1C At3g27620 MGF10.3
AT5G64210	O22049	reviewed	AOX2 At5g64210 MSJ1.5
AT4G22260	Q56X52	reviewed	AOX4 IM PTOX At4g22260 T10I14_90
AT5G64280	Q9FMF8	reviewed	DIT2-2 At5g64280 MSJ1.12
AT5G12860	Q9LXV3	reviewed	DIT1 At5g12860 T24H18.30
AT5G12860	B3H4S6	unreviewed	DiT1 dicarboxylate transporter 1 At5g12860 AT5G12860 T24H18.30 T24H18_30
AT3G19490	Q9LT68	reviewed	NHD1 At3g19490 MLD14.23
AT2G38060	Q7XJR2	reviewed	ANTR3 PHT4;2 At2g38060 T8P21.3
AT2G38060	A0A178VPB7	unreviewed	At2g38060 AXX17_At2g34910
AT2G38060	A0A1P8B2A2	unreviewed	PHT4:2 phosphate transporter 4:2 At2g38060 AT2G38060 T8P21.3 T8P21_3
AT3G26570	Q38954	reviewed	PHT2-1 PHT2 At3g26570 MFE16.10
AT3G46980	Q66GI9	reviewed	ANTR4 PHT4;3 At3g46980 F13I12.30
AT3G46980	A0A1I9LP03	unreviewed	PHT4:3 phosphate transporter 4:3 At3g46980 AT3G46980
AT3G46980	A0A1I9LP04	unreviewed	PHT4:3 phosphate transporter 4:3 At3g46980 AT3G46980
AT3G46980	A0A1I9LP06	unreviewed	PHT4:3 phosphate transporter 4:3 At3g46980 AT3G46980
AT3G46980	A0A1I9LP07	unreviewed	PHT4:3 phosphate transporter 4:3 At3g46980 AT3G46980
AT4G00370	Q8GX78	reviewed	PHT4;4 ANTR2 At4g00370 A_IG005I10_nn F5I10.7
AT5G20380	Q3E9A0	reviewed	ANTR6 PHT4;5 At5g20380 F5O24.270
AT5G20380	A0A1P8BAK7	unreviewed	PHT4:5 phosphate transporter 4:5 At5g20380 AT5G20380 F5O24.270 F5O24_270
AT2G26900	Q1EBV7	reviewed	BASS2 BAT1 SBF1 At2g26900 F12C20.6
AT2G32040	Q9SKZ5	reviewed	At2g32040 F22D22.21
AT2G32040	A0A1P8AYE7	unreviewed	At2g32040 AT2G32040 F22D22.21 F22D22_21
AT5G66380	Q7XA87	reviewed	FOLT1 At5g66380 K1F13.3
AT5G66380	A0A654FT75	unreviewed	At5g66380 AN1_LOCUS19469
AT2G22500	Q9SJY5	reviewed	PUMP5 DIC1 UCP5 At2g22500 F14M13.10
AT4G24570	Q9SB52	reviewed	PUMP4 DIC2 UCP4 At4g24570 F22K18.230
AT5G09470	Q9FY68	reviewed	PUMP6 DIC3 UCP6 At5g09470 T5E8.270
AT3G48850	Q9M2Z8	reviewed	MPT2 AT3 PHT3;2 At3g48850 T21J18_120
AT5G14040	Q9FMU6	reviewed	MPT3 AT5 PHT3;1 At5g14040 MUA22_4
AT5G19760	Q9C5M0	reviewed	DTC At5g19760 T29J13.180
AT3G54110	O81845	reviewed	PUMP1 UCP1 At3g54110 F24B22.70
AT5G58970	Q9ZWG1	reviewed	PUMP2 UCP2 At5g58970 K19M22.16
AT5G58970	A0A178UR26	unreviewed	At5g58970 AXX17_At5g58360
AT5G58970	A0A178UT20	unreviewed	At5g58970 AXX17_At5g58360
AT2G39970	O04200	reviewed	PXN APEM3 At2g39970 T28M21.13
AT1G15700	Q01909	reviewed	ATPC2 At1g15700 F7H2.4
AT4G04640	Q01908	reviewed	ATPC1 At4g04640 T19J18.4
AT4G09650	Q9SSS9	reviewed	ATPD At4g09650 T25P22.90
ATCG00120	P56757	reviewed	atpA AtCg00120
ATCG00130	P56759	reviewed	atpF AtCg00130
ATCG00140	P56760	reviewed	atpH AtCg00140
ATCG00150	P56758	reviewed	atpI AtCg00150
ATCG00470	P09468	reviewed	atpE AtCg00470
ATCG00480	P19366	reviewed	atpB AtCg00480
AT3G17390	Q9LUT2	reviewed	METK4 MTO3 SAMS3 At3g17390 MGD8.23
AT4G01850	P17562	reviewed	SAM2 At4g01850 T7B11.11
AT1G07180	Q8GWA1	reviewed	NDA1 NDI1 At1g07180 F10K1.11
AT2G20800	Q9SKT7	reviewed	NDB4 At2g20800 F5H14
AT2G29990	O80874	reviewed	NDA2 At2g29990 F23F1
AT4G05020	Q94BV7	reviewed	NDB2 At4g05020 T32N4.4
AT4G05020	F4JGL5	unreviewed	NDB2 NAD(P)H dehydrogenase B2 At4g05020 AT4G05020 C17L7.11
AT4G21490	F4JJJ3	reviewed	NDB3 At4g21490 F18E5.110
AT4G21490	A0A1P8B848	unreviewed	NDB3 NAD(P)H dehydrogenase B3 At4g21490 AT4G21490 F18E5.110 F18E5_110
AT4G28220	Q1JPL4	reviewed	NDB1 At4g28220 F26K10.100
AT4G28220	A0A1P8B6J0	unreviewed	NDB1 NAD(P)H dehydrogenase B1 At4g28220 AT4G28220 F26K10.100 F26K10_100
AT2G05620	Q9SL05	reviewed	PGR5 At2g05620 T20G20.3
AT4G11960	Q8GYC7	reviewed	PGRL1B At4g11960 F16J13.30
AT4G11960	F4JPU9	unreviewed	PGRL1B PGR5-like B At4g11960 AT4G11960 F16J13.30 F16J13_30
AT4G22890	Q8H112	reviewed	PGRL1A At4g22890 F7H19.70
AT4G22890	A0A2H1ZEN5	unreviewed	PGR5-LIKE A PGRL1A At4g22890 AT4G22890 F7H19.70 F7H19_70
AT3G08860	Q9SR86	reviewed	At3g08860 T16O11.21
AT3G08860	A0A1I9LPN6	unreviewed	PYD4 PYRIMIDINE 4 At3g08860 AT3G08860
